store_id,address,city,state,zipcode,longitude,latitude,timezone
1101,7 Manufacturers Court,Hayward,CA,94544,-122.067,37.6374,America/Los_Angeles
1109,1349 Blaine Point,Wichita Falls,TX,76305,-98.3938,33.9995,America/Chicago
1117,4 Dapin Terrace,Louisville,KY,40210,-85.7905,38.2306,America/Kentucky/Louisville
1125,3 Forest Run Road,El Paso,TX,88514,-106.3,31.6948,America/Denver
1133,8 Larry Alley,Amarillo,TX,79171,-101.8951,35.4015,America/Chicago
1141,2657 Kings Center,Lake Worth,FL,33462,-80.0794,26.5747,America/New_York
1149,36 Chinook Crossing,Roanoke,VA,24040,-79.9579,37.2742,America/New_York
1157,28049 Moose Road,Seattle,WA,98115,-122.2968,47.6849,America/Los_Angeles
1165,214 Union Center,Orlando,FL,32813,-81.3258,28.5679,America/New_York
1173,0495 Stuart Court,Springfield,MA,01105,-72.5783,42.0999,America/New_York
1181,96 Bunting Avenue,Pittsburgh,PA,15215,-79.9138,40.5048,America/New_York
1189,19 Mesta Junction,El Paso,TX,79984,-106.3,31.6948,America/Denver
1197,3559 Fairfield Drive,Miami,FL,33129,-80.2013,25.7559,America/New_York
1205,9616 Warner Lane,Tulsa,OK,74126,-95.9931,36.2383,America/Chicago
1213,66 Carpenter Park,Englewood,CO,80150,-104.4083,39.7388,America/Denver
1221,99643 Mitchell Point,Carol Stream,IL,60158,-88.1208,41.9166,America/Chicago
1229,3 Glacier Hill Way,Charleston,WV,25362,-81.5547,38.2968,America/New_York
1237,89572 Fuller Avenue,Garden Grove,CA,92645,-118.0256,33.783,America/Los_Angeles
1245,678 Steensland Crossing,Johnson City,TN,37605,-82.3838,36.3158,America/New_York
1253,95923 Monument Lane,Birmingham,AL,35295,-86.9292,33.5446,America/Chicago
1261,149 Monterey Lane,Cheyenne,WY,82007,-104.8107,41.1084,America/Denver
1269,512 Starling Alley,Birmingham,AL,35231,-86.9292,33.5446,America/Chicago
1277,658 Coleman Plaza,Falls Church,VA,22047,-77.2888,38.8318,America/New_York
1285,32740 Waxwing Drive,Sacramento,CA,95813,-121.4475,38.6026,America/Los_Angeles
1293,2681 Meadow Valley Road,Rochester,MN,55905,-92.4668,44.0225,America/Chicago
1301,54 Bartelt Terrace,Saint Paul,MN,55172,-93.1059,45.0059,America/Chicago
1309,0205 Dexter Circle,Jamaica,NY,11436,-73.7966,40.6763,America/New_York
1317,8 Linden Pass,Houston,TX,77025,-95.4341,29.6889,America/Chicago
1325,5814 Onsgard Plaza,Philadelphia,PA,19146,-75.1794,39.9379,America/New_York
1333,623 Dapin Lane,Savannah,GA,31405,-81.1242,32.0391,America/New_York
1341,0 Mitchell Center,Milwaukee,WI,53215,-87.9429,43.006,America/Chicago
1349,1078 Duke Terrace,Baltimore,MD,21216,-76.6699,39.3093,America/New_York
1357,76 Portage Park,Sioux Falls,SD,57105,-96.7341,43.524,America/Chicago
1365,18 Maryland Hill,Flint,MI,48555,-83.7108,43.0113,America/Detroit
1373,895 Kennedy Parkway,Los Angeles,CA,90050,-118.2987,33.7866,America/Los_Angeles
1381,668 Portage Place,Kansas City,MO,64190,-94.8516,39.3432,America/Chicago
1389,4630 Marcy Circle,Evanston,IL,60208,-87.6845,42.0586,America/Chicago
1397,58 Jenifer Lane,Fort Lauderdale,FL,33315,-80.1541,26.0989,America/New_York
1405,19769 Pine View Court,Jamaica,NY,11480,-73.8061,40.6914,America/New_York
1413,7034 Sutteridge Road,Jackson,MS,39282,-90.3972,32.3113,America/Chicago
1421,3 Victoria Alley,Punta Gorda,FL,33982,-81.9545,26.9668,America/New_York
1429,836 Becker Circle,Billings,MT,59112,-108.1945,45.9783,America/Denver
1437,006 Crest Line Place,Augusta,GA,30911,-82.091,33.386,America/New_York
1445,291 Mariners Cove Plaza,San Jose,CA,95108,-121.8908,37.3378,America/Los_Angeles
1453,2436 Bayside Alley,Kissimmee,FL,34745,-81.2593,27.9953,America/New_York
1461,8994 Gale Terrace,Portland,OR,97232,-122.6363,45.5287,America/Los_Angeles
1469,9721 Arrowood Plaza,Bloomington,IN,47405,-86.5186,39.1682,America/Indiana/Indianapolis
1477,620 Declaration Court,Honolulu,HI,96815,-157.8266,21.2811,Pacific/Honolulu
1485,44 Arapahoe Trail,Stamford,CT,06922,-73.5143,41.0516,America/New_York
1493,3583 Mendota Terrace,Houston,TX,77218,-95.4342,29.834,America/Chicago
1501,1373 Sauthoff Lane,Chicago,IL,60681,-87.6873,41.8119,America/Chicago
1509,7 Schlimgen Center,Columbus,OH,43231,-82.9383,40.081,America/New_York
1517,1 Fordem Plaza,Irving,TX,75037,-96.7776,32.7673,America/Chicago
1525,2946 David Park,Philadelphia,PA,19141,-75.1451,40.0365,America/New_York
1533,1718 Upham Road,Portland,OR,97201,-122.6897,45.5078,America/Los_Angeles
1541,171 Fair Oaks Avenue,Washington,DC,20215,-77.0146,38.8933,America/New_York
1549,79 Ridgeview Circle,Washington,DC,20414,-77.0221,38.884,America/New_York
1557,41002 Scofield Pass,Van Nuys,CA,91406,-118.4868,34.2006,America/Los_Angeles
1565,528 Delaware Place,Hampton,VA,23668,-76.3377,37.0206,America/New_York
1573,732 Forest Run Parkway,Los Angeles,CA,90065,-118.2266,34.1073,America/Los_Angeles
1581,30444 Orin Alley,Torrance,CA,90510,-118.2987,33.7866,America/Los_Angeles
1589,82 Sugar Place,El Paso,TX,79984,-106.3,31.6948,America/Denver
1597,867 Lakewood Street,Charlotte,NC,28230,-80.8042,35.26,America/New_York
1605,9 Southridge Center,Baton Rouge,LA,70894,-91.0804,30.5159,America/Chicago
1613,7 Esker Avenue,San Jose,CA,95128,-121.9356,37.3163,America/Los_Angeles
1621,808 Prairieview Circle,White Plains,NY,10633,-73.733,41.119,America/New_York
1629,81664 Katie Center,Colorado Springs,CO,80940,-104.562,38.8247,America/Denver
1637,2 Jenna Plaza,Baltimore,MD,21239,-76.5891,39.361,America/New_York
1645,88763 Pankratz Pass,Fort Worth,TX,76121,-97.2915,32.7714,America/Chicago
1653,7443 Warrior Circle,Duluth,GA,30195,-84.1532,34.0047,America/New_York
1661,85983 Ohio Court,El Paso,TX,88584,-106.3,31.6948,America/Denver
1669,901 Red Cloud Parkway,Los Angeles,CA,90030,-118.2987,33.7866,America/Los_Angeles
1677,675 Hudson Drive,Houston,TX,77245,-95.4342,29.834,America/Chicago
1685,7 Packers Pass,Charlotte,NC,28247,-80.8511,35.0656,America/New_York
1693,66692 Cascade Drive,Washington,DC,20005,-77.0312,38.9067,America/New_York
1701,844 Westport Center,Arlington,TX,76004,-97.2915,32.7714,America/Chicago
1709,0 Prairie Rose Court,Bellevue,WA,98008,-122.1162,47.6115,America/Los_Angeles
1717,6 Clarendon Lane,North Las Vegas,NV,89087,-115.1458,36.2204,America/Los_Angeles
1725,57 Manufacturers Terrace,Colorado Springs,CO,80951,-104.6556,38.8881,America/Denver
1733,0221 Truax Center,Chicago,IL,60681,-87.6873,41.8119,America/Chicago
1741,29959 Autumn Leaf Alley,Detroit,MI,48267,-83.1508,42.2399,America/Detroit
1749,972 Laurel Center,Montgomery,AL,36125,-86.2085,32.2334,America/Chicago
1757,7121 Prairieview Crossing,Washington,DC,20392,-77.0146,38.8933,America/New_York
1765,67416 Park Meadow Trail,Bridgeport,CT,06673,-73.3637,41.3089,America/New_York
1773,89317 Rigney Alley,Chula Vista,CA,91913,-116.9852,32.6513,America/Los_Angeles
1781,5607 Erie Plaza,Chicago,IL,60619,-87.6054,41.7458,America/Chicago
1789,16 Forest Dale Drive,Hicksville,NY,11854,-73.6018,40.7548,America/New_York
1797,0636 Barby Hill,Springfield,IL,62764,-89.606,39.7495,America/Chicago
1805,38452 Mcguire Junction,Savannah,GA,31416,-81.0477,32.0053,America/New_York
1813,8382 Northfield Court,Philadelphia,PA,19136,-75.0244,40.0422,America/New_York
1821,57 Hoard Drive,Springfield,MO,65805,-93.3437,37.2581,America/Chicago
1829,34816 Comanche Hill,Phoenix,AZ,85077,-112.1872,33.2765,America/Phoenix
1837,7575 Gerald Drive,Jacksonville,FL,32215,-81.893,30.2407,America/New_York
1845,5 Hudson Alley,Birmingham,AL,35290,-86.9292,33.5446,America/Chicago
1853,190 Arrowood Junction,Anchorage,AK,99522,-149.4403,61.1089,America/Anchorage
1861,98065 John Wall Parkway,Scranton,PA,18505,-75.6657,41.3914,America/New_York
1869,373 Steensland Pass,Charleston,WV,25305,-81.6123,38.3358,America/New_York
1877,4167 Maywood Crossing,Fort Worth,TX,76105,-97.269,32.7233,America/Chicago
1885,085 Carioca Court,San Francisco,CA,94137,-122.7278,37.7848,America/Los_Angeles
1893,250 Melrose Way,Albany,NY,12262,-73.9708,42.6149,America/New_York
1901,421 Northfield Place,Atlanta,GA,30358,-84.3411,33.9982,America/New_York
1909,2 Tennyson Point,Modesto,CA,95354,-120.9749,37.6409,America/Los_Angeles
1917,1518 Paget Circle,Boise,ID,83732,-116.244,43.4599,America/Boise
1925,675 Hanson Park,San Luis Obispo,CA,93407,-120.4553,35.3471,America/Los_Angeles
1933,518 Schurz Street,San Francisco,CA,94159,-122.7278,37.7848,America/Los_Angeles
1941,58863 Anthes Way,Lakeland,FL,33805,-81.9609,28.072,America/New_York
1949,3151 Pankratz Circle,Chandler,AZ,85246,-112.1872,33.2765,America/Phoenix
1957,8779 Drewry Terrace,Oklahoma City,OK,73109,-97.5261,35.4259,America/Chicago
1965,97388 Randy Park,Spokane,WA,99260,-117.4317,47.6536,America/Los_Angeles
1973,2281 Rowland Center,Mount Vernon,NY,10557,-73.733,41.119,America/New_York
1981,5385 Mayfield Avenue,Austin,TX,78778,-97.7713,30.3264,America/Chicago
1989,7 Fair Oaks Point,Whittier,CA,90610,-118.2987,33.7866,America/Los_Angeles
1997,6446 North Drive,Decatur,IL,62525,-88.9815,39.854,America/Chicago
2005,423 Knutson Terrace,Jacksonville,FL,32259,-81.6217,30.0956,America/Kentucky/Monticello
2013,2 Red Cloud Alley,Huntsville,AL,35810,-86.6091,34.7784,America/Chicago
2021,0665 Daystar Point,Spokane,WA,99215,-117.4317,47.6536,America/Los_Angeles
2029,27072 Sage Crossing,Fort Wayne,IN,46862,-85.0707,41.0938,America/Indiana/Indianapolis
2037,9 Manley Crossing,Memphis,TN,38104,-90.0046,35.1334,America/Chicago
2045,510 Village Green Point,Peoria,IL,61614,-89.6026,40.7681,America/Chicago
2053,0487 Bobwhite Alley,Houston,TX,77228,-95.4342,29.834,America/Chicago
2061,5197 Dunning Road,San Jose,CA,95173,-121.8938,37.3352,America/Los_Angeles
2069,91849 Bunting Circle,Washington,DC,20337,-77.0146,38.8933,America/New_York
2077,0845 Forest Way,Shreveport,LA,71105,-93.7143,32.4589,America/Chicago
2085,687 Katie Plaza,Pompano Beach,FL,33064,-80.1157,26.2785,America/New_York
2093,5 Judy Place,Memphis,TN,38168,-89.9715,35.2017,America/Chicago
2101,26 Mariners Cove Point,Corpus Christi,TX,78470,-97.4632,27.777,America/Chicago
2109,31036 8th Drive,Atlanta,GA,31119,-84.0746,33.8913,America/New_York
2117,0450 Vera Park,Pompano Beach,FL,33069,-80.1635,26.2288,America/New_York
2125,91 Parkside Way,Newport Beach,CA,92662,-117.8931,33.6062,America/Los_Angeles
2133,9 Longview Terrace,Pittsburgh,PA,15279,-80.0248,40.4344,America/New_York
2141,08804 Fordem Place,Boise,ID,83705,-116.2191,43.5851,America/Boise
2149,07 Portage Junction,Milwaukee,WI,53285,-87.5697,43.0174,America/Chicago
2157,346 Main Terrace,Richmond,VA,23220,-77.4588,37.5498,America/New_York
2165,33 Reindahl Park,Long Beach,CA,90810,-118.2325,33.8193,America/Los_Angeles
2173,943 Bashford Drive,Los Angeles,CA,90076,-118.2987,33.7866,America/Los_Angeles
2181,08990 Waubesa Point,Richmond,VA,23277,-77.4604,37.5535,America/New_York
2189,474 Milwaukee Drive,Washington,DC,20310,-77.0146,38.8933,America/New_York
2197,86743 New Castle Street,Lansing,MI,48919,-84.5517,42.7286,America/Detroit
2205,9993 Gulseth Crossing,East Saint Louis,IL,62205,-90.1275,38.6149,America/Chicago
2213,3 Northfield Crossing,Richmond,VA,23203,-77.4471,37.5593,America/New_York
2221,0 Stoughton Road,Arlington,VA,22234,-77.113,38.8808,America/New_York
2229,3 Jenifer Hill,Washington,DC,20005,-77.0312,38.9067,America/New_York
2237,6 Warbler Avenue,Tulsa,OK,74126,-95.9931,36.2383,America/Chicago
2245,28 Raven Parkway,New York City,NY,10275,-73.9772,40.7808,America/New_York
2253,1662 Milwaukee Lane,Henderson,NV,89012,-115.0433,36.0119,America/Los_Angeles
2261,0313 Northland Center,Chicago,IL,60657,-87.6528,41.9399,America/Chicago
2269,3 Sauthoff Point,Charlotte,NC,28256,-80.8042,35.26,America/New_York
2277,3453 Hovde Center,Lakewood,WA,98498,-122.5485,47.1591,America/Los_Angeles
2285,84046 Moland Way,Huntington Beach,CA,92648,-118.0051,33.6773,America/Los_Angeles
2293,43499 Green Ridge Way,Portland,ME,04109,-70.1987,43.6783,America/New_York
2301,369 Lotheville Lane,Lansing,MI,48912,-84.5244,42.7371,America/Detroit
2309,7106 Blaine Pass,Sacramento,CA,95838,-121.444,38.6406,America/Los_Angeles
2317,310 Oak Valley Pass,Oakland,CA,94611,-122.2223,37.8471,America/Los_Angeles
2325,274 Oneill Way,Las Vegas,NV,89125,-115.2655,36.2235,America/Los_Angeles
2333,8266 Declaration Place,Birmingham,AL,35244,-86.8254,33.3538,America/Chicago
2341,0102 Pennsylvania Hill,Philadelphia,PA,19131,-75.2282,39.9845,America/New_York
2349,2 Sloan Lane,Oklahoma City,OK,73173,-97.6317,35.3425,America/Chicago
2357,8980 Fremont Street,Charleston,WV,25331,-81.5547,38.2968,America/New_York
2365,86809 Debs Street,Fredericksburg,VA,22405,-77.4366,38.3365,America/New_York
2373,03 Dovetail Point,New Orleans,LA,70116,-90.0646,29.9686,America/Chicago
2381,88 Lakewood Gardens Crossing,Orlando,FL,32854,-81.2608,28.5663,America/New_York
2389,4 Becker Court,Pensacola,FL,32526,-87.3179,30.4756,America/Chicago
2397,5 Schmedeman Avenue,Boston,MA,02104,-70.9196,42.3389,America/New_York
2405,29552 Sunfield Park,New Hyde Park,NY,11044,-73.6018,40.7548,America/New_York
2413,7824 Westport Alley,Newport Beach,CA,92662,-117.8931,33.6062,America/Los_Angeles
2421,9739 Manitowish Crossing,New Bedford,MA,02745,-70.9355,41.6913,America/New_York
2429,8583 Farmco Trail,Spokane,WA,99220,-117.4317,47.6536,America/Los_Angeles
2437,52834 Warner Junction,Reno,NV,89505,-119.8353,39.5224,America/Los_Angeles
2445,293 Dakota Hill,Saint Louis,MO,63126,-90.3811,38.5495,America/Chicago
2453,22460 Harper Park,Jeffersonville,IN,47134,-85.7321,38.2868,America/Kentucky/Louisville
2461,157 Packers Drive,Baltimore,MD,21282,-76.5921,39.439,America/New_York
2469,17852 Oak Circle,Spring,TX,77388,-95.4695,30.0505,America/Chicago
2477,639 Elgar Pass,Knoxville,TN,37995,-83.9622,35.9901,America/New_York
2485,279 Logan Alley,Fairbanks,AK,99790,-146.276,64.8561,America/Anchorage
2493,668 Hoffman Crossing,Philadelphia,PA,19131,-75.2282,39.9845,America/New_York
2501,95767 Kings Circle,Fort Worth,TX,76110,-97.3375,32.7065,America/Chicago
2509,81780 Fair Oaks Pass,Brooksville,FL,34605,-82.4226,28.5059,America/New_York
2517,90 Maple Junction,Palatine,IL,60078,-87.6873,41.8119,America/Chicago
2525,859 Holmberg Road,Helena,MT,59623,-112.0402,46.5901,America/Denver
2533,6491 Hanover Way,Washington,DC,20557,-77.0047,38.8874,America/New_York
2541,18 Harbort Plaza,Colorado Springs,CO,80905,-104.837,38.8377,America/Denver
2549,6 Leroy Center,Lexington,KY,40505,-84.4583,38.0612,America/New_York
2557,9910 Crowley Trail,Detroit,MI,48232,-83.1508,42.2399,America/Detroit
2565,22 Butternut Place,Kissimmee,FL,34745,-81.2593,27.9953,America/New_York
2573,2861 3rd Lane,Fort Wayne,IN,46862,-85.0707,41.0938,America/Indiana/Indianapolis
2581,3097 Granby Center,Wilmington,DE,19810,-75.5064,39.8188,America/New_York
2589,28215 La Follette Drive,Washington,DC,20244,-77.0146,38.8933,America/New_York
2597,406 Kinsman Circle,Honolulu,HI,96805,-157.8585,21.3062,Pacific/Honolulu
2605,9 Marquette Place,Houston,TX,77080,-95.523,29.8159,America/Chicago
2613,31382 Bartelt Road,Des Moines,IA,50315,-93.6192,41.5444,America/Chicago
2621,7 West Center,Des Moines,IA,50362,-93.5722,41.6727,America/Chicago
2629,98533 Marquette Junction,Kansas City,MO,64187,-94.3567,39.035,America/Chicago
2637,7875 Park Meadow Way,Fort Smith,AR,72916,-94.3703,35.2502,America/Chicago
2645,81 School Court,Lake Charles,LA,70607,-93.1835,30.1244,America/Chicago
2653,075 Arrowood Crossing,Fairfax,VA,22036,-77.0796,38.7351,America/New_York
2661,43 Bultman Parkway,Fort Wayne,IN,46852,-85.0707,41.0938,America/Indiana/Indianapolis
2669,040 Fallview Plaza,Elmira,NY,14905,-76.8397,42.0869,America/New_York
2677,5 Thompson Hill,Knoxville,TN,37919,-84.0015,35.9244,America/New_York
2685,365 Kropf Way,Long Beach,CA,90810,-118.2325,33.8193,America/Los_Angeles
2693,95294 Bashford Hill,Gainesville,GA,30506,-83.8882,34.3562,America/New_York
2701,0620 Merry Place,Ogden,UT,84403,-111.9489,41.1894,America/Denver
2709,9772 Clarendon Trail,Lakeland,FL,33811,-82.0139,27.9865,America/New_York
2717,16521 Linden Plaza,Savannah,GA,31405,-81.1242,32.0391,America/New_York
2725,6 Coolidge Circle,Waterloo,IA,50706,-92.2703,42.4156,America/Chicago
2733,81 Bashford Junction,Lexington,KY,40546,-84.4715,38.0283,America/New_York
2741,7 Di Loreto Alley,Marietta,GA,30061,-84.556,33.9328,America/New_York
2749,1 Namekagon Avenue,Austin,TX,78710,-97.7151,30.352,America/Chicago
2757,76 Stephen Court,Miami,FL,33196,-80.441,25.6615,America/New_York
2765,14557 Arapahoe Plaza,Winter Haven,FL,33884,-81.6736,27.981,America/New_York
2773,9504 Sommers Park,Boulder,CO,80305,-105.2531,39.9807,America/Denver
2781,626 Sommers Pass,Miami Beach,FL,33141,-80.1446,25.8486,America/New_York
2789,0222 Crowley Road,Philadelphia,PA,19131,-75.2282,39.9845,America/New_York
2797,56582 Golf Lane,Washington,DC,20215,-77.0146,38.8933,America/New_York
2805,0943 Farmco Circle,Tacoma,WA,98481,-122.1132,47.0662,America/Los_Angeles
2813,187 Fairview Avenue,Albany,NY,12222,-73.8253,42.6853,America/New_York
2821,111 Scott Street,Prescott,AZ,86305,-112.9584,34.8185,America/Phoenix
2829,314 Golf Course Crossing,Charlotte,NC,28205,-80.7881,35.22,America/New_York
2837,406 Northwestern Hill,Danbury,CT,06816,-73.3637,41.3089,America/New_York
2845,07409 Lerdahl Lane,Nashville,TN,37220,-86.7697,36.0641,America/Chicago
2853,56 Lake View Road,Norman,OK,73071,-97.4067,35.233,America/Chicago
2861,28422 Eagle Crest Junction,Boise,ID,83705,-116.2191,43.5851,America/Boise
2869,282 Duke Way,Denver,CO,80291,-104.9876,39.7439,America/Denver
2877,096 Ilene Alley,Greenville,SC,29610,-82.4538,34.8497,America/New_York
2885,53159 Talmadge Road,Birmingham,AL,35285,-86.9292,33.5446,America/Chicago
2893,4 Northland Court,Oakland,CA,94611,-122.2223,37.8471,America/Los_Angeles
2901,64131 Warrior Junction,Springfield,MA,01152,-72.6048,42.1707,America/New_York
2909,232 Summit Road,Jacksonville,FL,32277,-81.5864,30.3704,America/New_York
2917,02856 La Follette Parkway,Evansville,IN,47725,-87.5256,38.1071,America/Chicago
2925,54 Gale Parkway,Stamford,CT,06922,-73.5143,41.0516,America/New_York
2933,629 Daystar Park,Virginia Beach,VA,23471,-76.0126,36.7957,America/New_York
2941,3297 Drewry Hill,Detroit,MI,48217,-83.1545,42.2719,America/Detroit
2949,1529 Dayton Park,Bradenton,FL,34205,-82.5834,27.4841,America/New_York
2957,41954 Eastwood Plaza,Nashville,TN,37245,-86.7852,36.1866,America/Chicago
2965,56 Colorado Crossing,Philadelphia,PA,19125,-75.1262,39.9788,America/New_York
2973,07 Talisman Lane,Cincinnati,OH,45243,-84.3448,39.1848,America/New_York
2981,430 Algoma Court,Chicago,IL,60604,-87.633,41.8784,America/Chicago
2989,56502 Di Loreto Court,Kansas City,KS,66105,-94.6356,39.085,America/Chicago
2997,72507 Graedel Road,Duluth,MN,55805,-92.0946,46.7987,America/Chicago
3005,5 Sachs Park,Reno,NV,89595,-119.5869,40.5412,America/Los_Angeles
3013,7195 Leroy Plaza,Baltimore,MD,21211,-76.6336,39.3316,America/New_York
3021,6 Talmadge Pass,Spartanburg,SC,29319,-81.969,34.8882,America/New_York
3029,7 Oxford Court,Dallas,TX,75251,-96.7751,32.9189,America/Chicago
3037,2460 Becker Point,Stockton,CA,95298,-121.2897,37.9577,America/Los_Angeles
3045,3524 Memorial Hill,Arlington,VA,22212,-77.113,38.8808,America/New_York
3053,004 Ridgeview Street,Washington,DC,20470,-77.0146,38.8933,America/New_York
3061,94643 Pennsylvania Drive,Seattle,WA,98104,-122.3256,47.6036,America/Los_Angeles
3069,6 Glendale Way,Bronx,NY,10469,-73.8495,40.8702,America/New_York
3077,022 Sundown Parkway,Austin,TX,78737,-97.9427,30.2107,America/Chicago
3085,872 Buhler Point,Omaha,NE,68197,-96.0274,41.249,America/Chicago
3093,6 Sycamore Court,Honolulu,HI,96820,-157.8795,21.351,Pacific/Honolulu
3101,2 Aberg Road,Panama City,FL,32412,-85.692,30.2345,America/Chicago
3109,82722 Lakewood Gardens Lane,Cincinnati,OH,45254,-84.5382,39.1668,America/New_York
3117,2 Steensland Pass,Peoria,IL,61605,-89.6263,40.6775,America/Chicago
3125,21353 Tennyson Trail,Gainesville,GA,30506,-83.8882,34.3562,America/New_York
3133,84799 Dottie Way,Denver,CO,80255,-104.4083,39.7388,America/Denver
3141,9683 North Road,Long Beach,CA,90831,-118.1994,33.7678,America/Los_Angeles
3149,9289 Loeprich Alley,Gastonia,NC,28055,-81.1897,35.284,America/New_York
3157,39 Sloan Trail,Shreveport,LA,71137,-93.7526,32.6076,America/Chicago
3165,19138 Gerald Hill,Monroe,LA,71208,-92.0756,32.4968,America/Chicago
3173,50 Wayridge Parkway,Pensacola,FL,32511,-87.2917,30.4061,America/Chicago
3181,6 Corben Hill,Baton Rouge,LA,70810,-91.0919,30.3633,America/Chicago
3189,109 Eastlawn Crossing,North Las Vegas,NV,89087,-115.1458,36.2204,America/Los_Angeles
3197,9 Elka Parkway,Washington,DC,20591,-77.0146,38.8933,America/New_York
3205,46315 Florence Way,Alexandria,VA,22309,-77.1073,38.7192,America/New_York
3213,7 Saint Paul Terrace,Arlington,VA,22212,-77.113,38.8808,America/New_York
3221,68 Summer Ridge Street,Sterling,VA,20167,-77.6452,39.0853,America/New_York
3229,0 Manitowish Center,Sacramento,CA,94286,-121.4444,38.3774,America/Los_Angeles
3237,4258 Dottie Way,San Diego,CA,92115,-117.0721,32.7607,America/Los_Angeles
3245,8 Oxford Parkway,Topeka,KS,66642,-95.7697,39.0429,America/Chicago
3253,4 Dwight Drive,Baltimore,MD,21216,-76.6699,39.3093,America/New_York
3261,78502 Thierer Parkway,San Bernardino,CA,92424,-115.9671,34.84,America/Los_Angeles
3269,511 American Ash Court,Flint,MI,48555,-83.7108,43.0113,America/Detroit
3277,80499 Anzinger Junction,Wichita,KS,67220,-97.2805,37.7667,America/Chicago
3285,17 Manitowish Junction,Escondido,CA,92030,-116.846,33.0169,America/Los_Angeles
3293,46125 Banding Lane,Newark,NJ,07104,-74.1695,40.7664,America/New_York
3301,88 Eagan Way,Fresno,CA,93721,-119.7843,36.7377,America/Los_Angeles
3309,54 Havey Avenue,Saint Louis,MO,63196,-90.2435,38.6531,America/Chicago
3317,1 Roth Road,Tempe,AZ,85284,-111.9197,33.3363,America/Phoenix
3325,6 Toban Street,Cincinnati,OH,45249,-84.3307,39.2692,America/New_York
3333,92648 Dahle Pass,Topeka,KS,66629,-95.7697,39.0429,America/Chicago
3341,0117 Charing Cross Park,Murfreesboro,TN,37131,-86.421,35.8596,America/Chicago
3349,3 Pearson Center,San Francisco,CA,94105,-122.3892,37.7864,America/Los_Angeles
3357,05 Oak Park,Kent,WA,98042,-122.1206,47.368,America/Los_Angeles
3365,0 Mockingbird Hill,Torrance,CA,90510,-118.2987,33.7866,America/Los_Angeles
3373,944 Gerald Way,Anchorage,AK,99522,-149.4403,61.1089,America/Anchorage
3381,81 Fallview Parkway,Lansing,MI,48930,-84.5587,42.7325,America/Detroit
3389,9747 Harbort Plaza,Vancouver,WA,98682,-122.5212,45.6644,America/Los_Angeles
3397,8352 Magdeline Terrace,Baton Rouge,LA,70805,-91.1481,30.486,America/Chicago
3405,545 Dovetail Way,Bronx,NY,10459,-73.894,40.8247,America/New_York
3413,8 Pankratz Hill,Saint Paul,MN,55115,-92.9391,45.071,America/Chicago
3421,13 Prentice Court,Worcester,MA,01610,-71.8108,42.2492,America/New_York
3429,8746 Welch Alley,New Orleans,LA,70165,-89.8826,30.033,America/Chicago
3437,25036 Blue Bill Park Street,Durham,NC,27710,-78.8577,36.0512,America/New_York
3445,53 Novick Terrace,Santa Barbara,CA,93150,-119.8486,34.2628,America/Los_Angeles
3453,60124 Hooker Plaza,Alpharetta,GA,30022,-84.2422,34.0268,America/New_York
3461,756 Moland Trail,Mesa,AZ,85205,-111.7129,33.4368,America/Phoenix
3469,092 Waubesa Avenue,New York City,NY,10045,-74.0087,40.7086,America/New_York
3477,72835 Holy Cross Avenue,Washington,DC,20016,-77.086,38.9381,America/New_York
3485,8527 Lakewood Court,Baton Rouge,LA,70894,-91.0804,30.5159,America/Chicago
3493,98467 Hintze Parkway,Augusta,GA,30911,-82.091,33.386,America/New_York
3501,53 Gerald Hill,Wichita,KS,67260,-97.2936,37.7194,America/Chicago
3509,5 Sundown Circle,Philadelphia,PA,19125,-75.1262,39.9788,America/New_York
3517,57513 Buena Vista Drive,Montgomery,AL,36104,-86.3081,32.373,America/Chicago
3525,886 Corscot Lane,Dallas,TX,75260,-96.7776,32.7673,America/Chicago
3533,888 Dunning Street,Homestead,FL,33034,-80.6246,25.2846,America/New_York
3541,28339 Kensington Avenue,Minneapolis,MN,55417,-93.2361,44.9054,America/Chicago
3549,1595 Maple Lane,Tyler,TX,75799,-95.2899,32.4112,America/Chicago
3557,9524 Prentice Hill,Los Angeles,CA,90005,-118.3012,34.0585,America/Los_Angeles
3565,448 Alpine Point,Clearwater,FL,34629,-82.8001,27.9654,America/New_York
3573,33005 Ridgeview Pass,New York City,NY,10150,-73.9772,40.7808,America/New_York
3581,217 Dryden Terrace,Stamford,CT,06922,-73.5143,41.0516,America/New_York
3589,89 Tennyson Point,Washington,DC,20540,-77.0047,38.8874,America/New_York
3597,7 Sloan Hill,Tacoma,WA,98464,-122.1132,47.0662,America/Los_Angeles
3605,2 Anderson Plaza,Springfield,MO,65898,-93.2951,37.1803,America/Chicago
3613,096 Bellgrove Circle,Duluth,GA,30096,-84.1529,33.9845,America/New_York
3621,8099 Hayes Trail,Birmingham,AL,35279,-86.9292,33.5446,America/Chicago
3629,537 Petterle Parkway,Los Angeles,CA,90025,-118.4487,34.0447,America/Los_Angeles
3637,0278 Duke Park,Pittsburgh,PA,15255,-80.0248,40.4344,America/New_York
3645,39919 Buell Junction,Salt Lake City,UT,84189,-111.9083,40.6681,America/Denver
3653,7143 Coolidge Alley,Tulsa,OK,74103,-95.9954,36.1539,America/Chicago
3661,361 Straubel Junction,Fort Worth,TX,76129,-97.2915,32.7714,America/Chicago
3669,44319 Crowley Road,Saint Paul,MN,55166,-93.1059,45.0059,America/Chicago
3677,5098 Linden Place,Philadelphia,PA,19196,-75.1179,40.0018,America/New_York
3685,00601 Reinke Trail,Maple Plain,MN,55572,-93.4719,45.0159,America/Chicago
3693,9 Rockefeller Court,Huntsville,TX,77343,-95.5953,30.7813,America/Chicago
3701,01844 East Plaza,Charleston,WV,25336,-81.5547,38.2968,America/New_York
3709,7428 Meadow Valley Plaza,San Antonio,TX,78210,-98.4658,29.3977,America/Chicago
3717,91 Brown Trail,Oceanside,CA,92056,-117.2831,33.1968,America/Los_Angeles
3725,385 Russell Crossing,Fort Worth,TX,76121,-97.2915,32.7714,America/Chicago
3733,5 Judy Terrace,Raleigh,NC,27610,-78.6008,35.7667,America/New_York
3741,806 Redwing Lane,Springfield,IL,62764,-89.606,39.7495,America/Chicago
3749,38 Mifflin Avenue,San Diego,CA,92105,-117.0947,32.7423,America/Los_Angeles
3757,12805 Memorial Avenue,Brooksville,FL,34605,-82.4226,28.5059,America/New_York
3765,6 Knutson Pass,Washington,DC,20420,-77.0276,38.9035,America/New_York
3773,32 Roxbury Pass,York,PA,17405,-76.5972,40.0086,America/New_York
3781,0540 Armistice Junction,West Palm Beach,FL,33416,-80.0929,26.6654,America/New_York
3789,3 Milwaukee Drive,Knoxville,TN,37995,-83.9622,35.9901,America/New_York
3797,10982 Browning Court,Rochester,NY,14652,-77.6843,43.286,America/New_York
3805,1813 Merry Court,Evansville,IN,47732,-87.575,37.9971,America/Chicago
3813,64462 Autumn Leaf Terrace,Raleigh,NC,27635,-78.6253,35.7977,America/New_York
3821,292 Clyde Gallagher Junction,Falls Church,VA,22047,-77.2888,38.8318,America/New_York
3829,95212 Sunbrook Junction,Jeffersonville,IN,47134,-85.7321,38.2868,America/Kentucky/Louisville
3837,43930 Shasta Alley,Charleston,WV,25326,-81.5547,38.2968,America/New_York
3845,2115 Almo Parkway,Montgomery,AL,36134,-86.2085,32.2334,America/Chicago
3853,454 Westerfield Plaza,Macon,GA,31210,-83.7455,32.8926,America/New_York
3861,70451 Garrison Way,Richmond,VA,23203,-77.4471,37.5593,America/New_York
3869,340 Pankratz Circle,Portland,OR,97229,-122.8276,45.5483,America/Los_Angeles
3877,04 Mesta Parkway,Virginia Beach,VA,23454,-76.0237,36.8282,America/New_York
3885,63815 Norway Maple Plaza,Canton,OH,44705,-81.3399,40.8259,America/New_York
3893,2044 Kinsman Park,Phoenix,AZ,85015,-112.1011,33.5082,America/Phoenix
3901,75 1st Avenue,Las Vegas,NV,89120,-115.0885,36.0914,America/Los_Angeles
3909,27895 Crest Line Center,Houston,TX,77005,-95.4263,29.7179,America/Chicago
3917,1779 Havey Center,Chattanooga,TN,37405,-85.3082,35.0768,America/New_York
3925,713 Maywood Junction,Augusta,GA,30905,-82.1337,33.413,America/New_York
3933,888 Bobwhite Road,El Paso,TX,88546,-106.3,31.6948,America/Denver
3941,99581 Canary Point,Carlsbad,CA,92013,-116.846,33.0169,America/Los_Angeles
3949,560 Weeping Birch Hill,Cincinnati,OH,45228,-84.4179,39.0706,America/New_York
3957,60778 Leroy Plaza,Charleston,WV,25356,-81.5547,38.2968,America/New_York
3965,3695 Canary Trail,Dayton,OH,45408,-84.229,39.7395,America/New_York
3973,25426 Independence Lane,Miami,FL,33111,-80.4582,25.5584,America/New_York
3981,8792 Gina Circle,Wichita,KS,67230,-97.1558,37.6808,America/Chicago
3989,004 Portage Parkway,Wilmington,DE,19810,-75.5064,39.8188,America/New_York
3997,20386 Ilene Park,Carol Stream,IL,60158,-88.1208,41.9166,America/Chicago
4005,2 Graedel Court,Glendale,AZ,85305,-112.2482,33.5291,America/Phoenix
4013,1102 Forest Run Terrace,Dearborn,MI,48126,-83.1801,42.3349,America/Detroit
4021,477 Hooker Pass,Kansas City,KS,66112,-94.764,39.116,America/Chicago
4029,6923 Northport Drive,Memphis,TN,38150,-89.9715,35.2017,America/Chicago
4037,86521 Fair Oaks Lane,Petaluma,CA,94975,-122.99,38.4631,America/Los_Angeles
4045,49328 Amoth Circle,Little Rock,AR,72222,-92.3925,34.7519,America/Chicago
4053,96145 Hudson Place,Allentown,PA,18105,-75.4712,40.6934,America/New_York
4061,0 Warbler Drive,Brooklyn,NY,11210,-73.9467,40.6281,America/New_York
4069,28168 Union Park,Colorado Springs,CO,80995,-104.562,38.8247,America/Denver
4077,590 Lukken Crossing,Baltimore,MD,21216,-76.6699,39.3093,America/New_York
4085,09868 Luster Circle,Colorado Springs,CO,80915,-104.7134,38.8558,America/Denver
4093,09 Bartelt Court,Memphis,TN,38161,-89.9715,35.2017,America/Chicago
4101,2670 Commercial Place,Honolulu,HI,96850,-157.863,21.3095,Pacific/Honolulu
4109,971 Red Cloud Avenue,Fresno,CA,93786,-119.6397,36.7464,America/Los_Angeles
4117,1602 Utah Alley,Roanoke,VA,24014,-79.9463,37.2327,America/New_York
4125,028 Mcbride Terrace,Los Angeles,CA,90015,-118.2716,34.0434,America/Los_Angeles
4133,71860 Independence Trail,Salt Lake City,UT,84189,-111.9083,40.6681,America/Denver
4141,40 Carioca Court,Silver Spring,MD,20910,-77.0338,38.9982,America/New_York
4149,423 Gulseth Plaza,Houston,TX,77271,-95.4342,29.834,America/Chicago
4157,80 Anhalt Circle,Manchester,NH,03105,-71.6539,42.9521,America/New_York
4165,842 Merrick Way,Joliet,IL,60435,-88.1299,41.5454,America/Chicago
4173,0421 Morning Lane,Youngstown,OH,44505,-80.6277,41.1257,America/New_York
4181,3791 Dennis Pass,Huntington,WV,25770,-82.2774,38.4134,America/New_York
4189,61961 Messerschmidt Park,Evansville,IN,47712,-87.6604,37.929,America/Chicago
4197,1501 Alpine Point,Birmingham,AL,35244,-86.8254,33.3538,America/Chicago
4205,899 Aberg Drive,Saint Petersburg,FL,33737,-82.7248,27.8918,America/New_York
4213,92759 Scott Terrace,Arlington,TX,76004,-97.2915,32.7714,America/Chicago
4221,7065 Truax Alley,Chicago,IL,60619,-87.6054,41.7458,America/Chicago
4229,3428 Dwight Place,Richmond,VA,23203,-77.4471,37.5593,America/New_York
4237,95235 Reinke Court,Worcester,MA,01654,-71.8969,42.3648,America/New_York
4245,76737 Buhler Lane,Cedar Rapids,IA,52405,-91.7098,41.9804,America/Chicago
4253,247 Arrowood Road,Denver,CO,80291,-104.9876,39.7439,America/Denver
4261,1087 Darwin Crossing,San Francisco,CA,94177,-122.7278,37.7848,America/Los_Angeles
4269,43 Nancy Street,Naples,FL,33963,-81.8071,26.2626,America/New_York
4277,47 Tomscot Circle,Omaha,NE,68124,-96.0495,41.2338,America/Chicago
4285,05 Roxbury Drive,Chicago,IL,60619,-87.6054,41.7458,America/Chicago
4293,645 Riverside Court,Paterson,NJ,07522,-74.1781,40.9252,America/New_York
4301,1 Mcguire Road,Naples,FL,34102,-81.7953,26.134,America/New_York
4309,06473 Iowa Junction,Hyattsville,MD,20784,-76.8958,38.9513,America/New_York
4317,2 Karstens Place,Humble,TX,77346,-95.1728,30.0042,America/Chicago
4325,2 Green Point,Portland,OR,97206,-122.5973,45.484,America/Los_Angeles
4333,3596 Maple Wood Pass,Wilmington,DE,19892,-75.597,39.5645,America/New_York
4341,1 Calypso Street,Phoenix,AZ,85030,-112.1872,33.2765,America/Phoenix
4349,07 Porter Hill,Saint Augustine,FL,32092,-81.5264,29.9475,America/Kentucky/Monticello
4357,904 Gina Alley,Boise,ID,83716,-115.9711,43.5345,America/Boise
4365,51390 Dunning Drive,Fresno,CA,93750,-119.6397,36.7464,America/Los_Angeles
4373,62417 Farwell Court,Dallas,TX,75323,-96.7776,32.7673,America/Chicago
4381,442 Lunder Alley,Portland,OR,97221,-122.7267,45.4918,America/Los_Angeles
4389,9726 Fairfield Crossing,Oklahoma City,OK,73104,-97.5017,35.4794,America/Chicago
4397,60 Rigney Way,Tulsa,OK,74184,-96.0297,36.1398,America/Chicago
4405,209 Leroy Circle,Whittier,CA,90605,-118.0356,33.9413,America/Los_Angeles
4413,59 Marquette Court,Saint Petersburg,FL,33731,-82.7248,27.8918,America/New_York
4421,64 Lake View Crossing,Denver,CO,80204,-105.0259,39.734,America/Denver
4429,4 Iowa Place,Atlanta,GA,30316,-84.3339,33.7217,America/New_York
4437,3943 Pond Circle,Arvada,CO,80005,-105.1097,39.8422,America/Denver
4445,759 High Crossing Plaza,Portland,OR,97206,-122.5973,45.484,America/Los_Angeles
4453,64918 Butterfield Point,Duluth,MN,55805,-92.0946,46.7987,America/Chicago
4461,54 Huxley Lane,Oakland,CA,94622,-122.2337,37.799,America/Los_Angeles
4469,811 Weeping Birch Trail,Buffalo,NY,14215,-78.8115,42.9335,America/New_York
4477,6835 Blackbird Road,Fort Worth,TX,76178,-97.2915,32.7714,America/Chicago
4485,8 Eagle Crest Hill,Sacramento,CA,94207,-121.4444,38.3774,America/Los_Angeles
4493,184 Jackson Way,Milwaukee,WI,53205,-87.9353,43.0528,America/Chicago
4501,02009 Mallard Circle,Chicago,IL,60641,-87.7474,41.9453,America/Chicago
4509,89 Sunnyside Drive,Shreveport,LA,71105,-93.7143,32.4589,America/Chicago
4517,353 Grasskamp Lane,Charlotte,NC,28242,-80.8042,35.26,America/New_York
4525,38 Helena Lane,New York City,NY,10105,-73.9785,40.7628,America/New_York
4533,607 Mcguire Avenue,Irving,TX,75062,-96.974,32.8479,America/Chicago
4541,8214 Debs Trail,Nashville,TN,37220,-86.7697,36.0641,America/Chicago
4549,7 Hermina Avenue,Philadelphia,PA,19136,-75.0244,40.0422,America/New_York
4557,32784 Sage Court,Crawfordsville,IN,47937,-86.8936,40.04,America/Indiana/Indianapolis
4565,741 Parkside Center,Houston,TX,77206,-95.4342,29.834,America/Chicago
4573,41 Lukken Pass,Pittsburgh,PA,15274,-80.0248,40.4344,America/New_York
4581,133 Farmco Junction,Silver Spring,MD,20910,-77.0338,38.9982,America/New_York
4589,3 Columbus Lane,Fresno,CA,93794,-119.6397,36.7464,America/Los_Angeles
4597,72 Dovetail Drive,Alpharetta,GA,30022,-84.2422,34.0268,America/New_York
4605,7832 Magdeline Center,Staten Island,NY,10305,-74.0768,40.5973,America/New_York
4613,9 Holmberg Center,Waco,TX,76796,-97.0823,31.5915,America/Chicago
4621,75093 Maple Wood Terrace,Virginia Beach,VA,23471,-76.0126,36.7957,America/New_York
4629,0264 Bartillon Trail,Lubbock,TX,79452,-101.8213,33.61,America/Chicago
4637,74944 Delladonna Lane,Providence,RI,02905,-71.3959,41.7845,America/New_York
4645,68823 Pond Avenue,Houston,TX,77005,-95.4263,29.7179,America/Chicago
4653,20572 Mifflin Terrace,Saint Petersburg,FL,33737,-82.7248,27.8918,America/New_York
4661,68018 Walton Center,Oklahoma City,OK,73147,-97.4075,35.5514,America/Chicago
4669,1937 Shelley Avenue,Virginia Beach,VA,23454,-76.0237,36.8282,America/New_York
4677,63726 1st Point,Topeka,KS,66699,-95.7697,39.0429,America/Chicago
4685,0 Luster Terrace,Hialeah,FL,33013,-80.2725,25.8594,America/New_York
4693,7 Melody Road,Tucson,AZ,85732,-110.7122,32.0848,America/Phoenix
4701,8 Banding Point,Stockton,CA,95210,-121.2972,38.025,America/Los_Angeles
4709,85218 Mesta Trail,Tempe,AZ,85284,-111.9197,33.3363,America/Phoenix
4717,641 Talmadge Trail,Oakland,CA,94605,-122.1633,37.7641,America/Los_Angeles
4725,8 Glendale Drive,Salt Lake City,UT,84189,-111.9083,40.6681,America/Denver
4733,04195 Buhler Avenue,Whittier,CA,90610,-118.2987,33.7866,America/Los_Angeles
4741,18 Crownhardt Way,Las Vegas,NV,89115,-115.0671,36.2158,America/Los_Angeles
4749,410 Kipling Alley,Denver,CO,80299,-104.4083,39.7388,America/Denver
4757,7 Beilfuss Hill,Sacramento,CA,95823,-121.4438,38.4797,America/Los_Angeles
4765,1 Ridgeway Terrace,Kansas City,MO,64199,-94.3567,39.035,America/Chicago
4773,420 Pepper Wood Trail,Washington,DC,20420,-77.0276,38.9035,America/New_York
4781,18938 Kim Park,Dallas,TX,75277,-96.7776,32.7673,America/Chicago
4789,62044 Eastwood Parkway,Houston,TX,77266,-95.4342,29.834,America/Chicago
4797,00 Park Meadow Point,Boston,MA,02124,-71.071,42.2868,America/New_York
4805,51 Bunker Hill Way,Hollywood,FL,33023,-80.2153,25.9894,America/New_York
4813,48154 Farragut Pass,Indianapolis,IN,46207,-86.1606,39.7673,America/Indiana/Indianapolis
4821,92648 Veith Park,Saint Louis,MO,63150,-90.2435,38.6531,America/Chicago
4829,618 Porter Street,Minneapolis,MN,55402,-93.2759,44.9762,America/Chicago
4837,96659 Acker Terrace,Wilmington,DE,19886,-75.597,39.5645,America/New_York
4845,62234 Eliot Hill,Long Beach,CA,90805,-118.1801,33.8635,America/Los_Angeles
4853,775 Ludington Lane,San Antonio,TX,78225,-98.5245,29.3875,America/Chicago
4861,6306 Maple Wood Trail,New York City,NY,10175,-73.9798,40.7543,America/New_York
4869,11 Roth Crossing,Lake Charles,LA,70616,-93.3265,30.2642,America/Chicago
4877,3 Lyons Circle,Frankfort,KY,40618,-84.8748,38.2341,America/New_York
4885,2132 Pepper Wood Avenue,Troy,MI,48098,-83.1789,42.5991,America/Detroit
4893,4424 Linden Court,Denver,CO,80255,-104.4083,39.7388,America/Denver
4901,39 Macpherson Circle,San Jose,CA,95150,-121.897,37.3866,America/Los_Angeles
4909,4372 Kensington Parkway,Saint Paul,MN,55188,-93.1059,45.0059,America/Chicago
4917,76030 Butterfield Terrace,Sacramento,CA,94263,-121.4444,38.3774,America/Los_Angeles
4925,29092 Sachs Park,Crawfordsville,IN,47937,-86.8936,40.04,America/Indiana/Indianapolis
4933,20108 Anthes Pass,Washington,DC,20380,-77.0146,38.8933,America/New_York
4941,868 Loomis Trail,Kansas City,MO,64153,-94.697,39.2627,America/Chicago
4949,2 Transport Court,Oklahoma City,OK,73167,-97.4075,35.5514,America/Chicago
4957,66484 Golf Course Center,Shreveport,LA,71130,-93.7526,32.6076,America/Chicago
4965,7175 Reindahl Park,Detroit,MI,48242,-83.3532,42.2166,America/Detroit
4973,78 Fieldstone Place,San Diego,CA,92170,-116.846,33.0169,America/Los_Angeles
4981,96262 Haas Court,Amarillo,TX,79176,-101.8165,35.1885,America/Chicago
4989,365 Esch Pass,Baton Rouge,LA,70836,-91.0892,30.392,America/Chicago
4997,1702 Packers Street,Houston,TX,77055,-95.4958,29.7971,America/Chicago
5005,265 Veith Alley,Charlotte,NC,28272,-80.8042,35.26,America/New_York
5013,2 Pepper Wood Center,Pinellas Park,FL,34665,-82.7125,27.8402,America/New_York
5021,16 Chive Circle,Detroit,MI,48295,-83.1508,42.2399,America/Detroit
5029,7 Thierer Trail,Staten Island,NY,10305,-74.0768,40.5973,America/New_York
5037,5377 4th Place,Durham,NC,27710,-78.8577,36.0512,America/New_York
5045,502 Reindahl Avenue,San Diego,CA,92160,-116.846,33.0169,America/Los_Angeles
5053,839 Messerschmidt Way,Baltimore,MD,21281,-76.6205,39.2847,America/New_York
5061,394 Village Green Place,Dayton,OH,45432,-84.0856,39.739,America/New_York
5069,7 Algoma Street,Washington,DC,20540,-77.0047,38.8874,America/New_York
5077,595 Johnson Way,Tulsa,OK,74149,-96.0297,36.1398,America/Chicago
5085,6 Warrior Road,Austin,TX,78778,-97.7713,30.3264,America/Chicago
5093,9 Anderson Center,Atlanta,GA,31165,-84.4226,33.7629,America/New_York
5101,092 Merrick Road,Gaithersburg,MD,20883,-77.1568,39.0883,America/New_York
5109,47389 Anzinger Lane,Santa Barbara,CA,93106,-119.8371,34.4329,America/Los_Angeles
5117,5374 Fuller Lane,Anderson,SC,29625,-82.7087,34.5271,America/New_York
5125,8888 Maple Wood Way,Austin,TX,78749,-97.8508,30.2166,America/Chicago
5133,1480 Amoth Point,Port Charlotte,FL,33954,-82.1108,27.0228,America/New_York
5141,2 Eagan Hill,Washington,DC,20535,-77.0251,38.8941,America/New_York
5149,1628 Nova Lane,Worcester,MA,01654,-71.8969,42.3648,America/New_York
5157,008 Moland Junction,Birmingham,AL,35295,-86.9292,33.5446,America/Chicago
5165,8 Pleasure Hill,Pittsburgh,PA,15205,-80.1021,40.4322,America/New_York
5173,165 Shopko Hill,Ogden,UT,84409,-111.9567,41.2553,America/Denver
5181,7 Tomscot Court,Houston,TX,77228,-95.4342,29.834,America/Chicago
5189,9336 Talmadge Circle,Portland,OR,97232,-122.6363,45.5287,America/Los_Angeles
5197,7 Debra Road,Sacramento,CA,95818,-121.4929,38.5568,America/Los_Angeles
5205,9 Dayton Avenue,New Orleans,LA,70187,-89.8826,30.033,America/Chicago
5213,17246 Bayside Circle,Terre Haute,IN,47805,-87.3255,39.5327,America/Indiana/Indianapolis
5221,29757 Hanson Crossing,Panama City,FL,32405,-85.6727,30.1949,America/Chicago
5229,3 Shoshone Lane,Houston,TX,77240,-95.4342,29.834,America/Chicago
5237,0401 Steensland Road,Houston,TX,77250,-95.3629,29.7629,America/Chicago
5245,95993 Stuart Crossing,Fort Lauderdale,FL,33305,-80.1229,26.1497,America/New_York
5253,1 Forest Hill,Irving,TX,75062,-96.974,32.8479,America/Chicago
5261,01765 Cottonwood Crossing,North Little Rock,AR,72199,-92.2847,34.8272,America/Chicago
5269,3483 Esker Way,Richmond,VA,23272,-77.4932,37.5242,America/New_York
5277,09651 Quincy Terrace,Carol Stream,IL,60351,-88.1208,41.9166,America/Chicago
5285,05716 Lerdahl Plaza,New York City,NY,10090,-73.9772,40.7808,America/New_York
5293,67 Elgar Lane,Little Rock,AR,72222,-92.3925,34.7519,America/Chicago
5301,20 Bayside Alley,Killeen,TX,76544,-97.7469,31.1282,America/Chicago
5309,94 Service Place,San Diego,CA,92137,-117.1197,32.8538,America/Los_Angeles
5317,13 Village Way,Laredo,TX,78044,-99.4819,27.3637,America/Matamoros
5325,6212 Park Meadow Place,Tulsa,OK,74116,-95.8477,36.175,America/Chicago
5333,81067 Packers Avenue,Kansas City,MO,64160,-94.409,39.2829,America/Chicago
5341,57 Homewood Junction,North Las Vegas,NV,89087,-115.1458,36.2204,America/Los_Angeles
5349,3 Messerschmidt Crossing,Pittsburgh,PA,15266,-80.0248,40.4344,America/New_York
5357,98 Columbus Drive,Erie,PA,16550,-80.0649,42.1827,America/New_York
5365,677 Northwestern Junction,Macon,GA,31217,-83.565,32.8118,America/New_York
5373,9 Schlimgen Road,Little Rock,AR,72215,-92.3925,34.7519,America/Chicago
5381,501 Kingsford Alley,Chicago,IL,60641,-87.7474,41.9453,America/Chicago
5389,372 Mallory Terrace,Baton Rouge,LA,70836,-91.0892,30.392,America/Chicago
5397,31165 Union Pass,Harrisburg,PA,17126,-76.88,40.2618,America/New_York
5405,7 Park Meadow Court,Oklahoma City,OK,73142,-97.6251,35.599,America/Chicago
5413,4645 Calypso Circle,Spokane,WA,99260,-117.4317,47.6536,America/Los_Angeles
5421,8102 Mayfield Drive,Los Angeles,CA,90071,-118.2549,34.0529,America/Los_Angeles
5429,6 Cherokee Hill,Atlanta,GA,30356,-84.0746,33.8913,America/New_York
5437,7 Mayer Avenue,Shreveport,LA,71151,-93.7526,32.6076,America/Chicago
5445,552 Scofield Trail,Phoenix,AZ,85072,-112.1872,33.2765,America/Phoenix
5453,4700 Fordem Crossing,Toledo,OH,43699,-83.6589,41.6538,America/New_York
5461,401 Pine View Circle,Salt Lake City,UT,84105,-111.8581,40.7372,America/Denver
5469,7191 Dixon Street,Baton Rouge,LA,70805,-91.1481,30.486,America/Chicago
5477,52125 Golf Course Center,Zephyrhills,FL,33543,-82.3063,28.2059,America/New_York
5485,85 Main Plaza,Lansing,MI,48956,-84.5587,42.7325,America/Detroit
5493,0805 Kings Crossing,Los Angeles,CA,90071,-118.2549,34.0529,America/Los_Angeles
5501,27357 Blackbird Center,Jefferson City,MO,65105,-92.2493,38.5309,America/Chicago
5509,1366 Crowley Street,Atlanta,GA,30311,-84.4702,33.723,America/New_York
5517,7527 Weeping Birch Place,San Francisco,CA,94159,-122.7278,37.7848,America/Los_Angeles
5525,9335 Portage Center,San Francisco,CA,94126,-122.7278,37.7848,America/Los_Angeles
5533,0 Ilene Plaza,Fort Pierce,FL,34981,-80.3623,27.4049,America/New_York
5541,21 Amoth Terrace,New York City,NY,10045,-74.0087,40.7086,America/New_York
5549,487 Jenna Plaza,Stamford,CT,06905,-73.5435,41.0888,America/New_York
5557,71853 Iowa Park,Maple Plain,MN,55572,-93.4719,45.0159,America/Chicago
5565,50 Debra Parkway,San Antonio,TX,78240,-98.6006,29.5189,America/Chicago
5573,38 Eliot Parkway,Santa Cruz,CA,95064,-122.0578,36.9959,America/Los_Angeles
5581,18 North Trail,Charleston,SC,29424,-79.937,32.7831,America/New_York
5589,841 Maple Terrace,Miami,FL,33158,-80.3187,25.6364,America/New_York
5597,7 Melody Lane,Des Moines,IA,50305,-93.5722,41.6727,America/Chicago
5605,16 Paget Circle,Oklahoma City,OK,73179,-97.6547,35.4242,America/Chicago
5613,5 Manitowish Place,Tampa,FL,33620,-82.4079,28.06,America/New_York
5621,104 Becker Place,Evanston,IL,60208,-87.6845,42.0586,America/Chicago
5629,5732 Cody Street,Fort Collins,CO,80525,-105.0547,40.5384,America/Denver
5637,2043 American Ash Trail,Phoenix,AZ,85035,-112.1832,33.4724,America/Phoenix
5645,2 Mesta Park,Alexandria,VA,22309,-77.1073,38.7192,America/New_York
5653,8 Crownhardt Street,Minneapolis,MN,55480,-93.4719,45.0159,America/Chicago
5661,324 Petterle Place,Houston,TX,77075,-95.26,29.6223,America/Chicago
5669,3207 Oakridge Street,Fresno,CA,93715,-119.6397,36.7464,America/Los_Angeles
5677,09779 Troy Point,Shreveport,LA,71166,-93.7526,32.6076,America/Chicago
5685,278 Spohn Plaza,New York City,NY,10249,-73.9772,40.7808,America/New_York
5693,90 Grasskamp Alley,Huntington,WV,25716,-82.2774,38.4134,America/New_York
5701,9 Lakewood Gardens Road,New Orleans,LA,70124,-90.1094,30.0071,America/Chicago
5709,921 Fordem Terrace,Battle Creek,MI,49018,-85.0045,42.2464,America/Detroit
5717,51348 Doe Crossing Avenue,Buffalo,NY,14205,-78.8871,42.7684,America/New_York
5725,8385 Macpherson Avenue,Gainesville,FL,32627,-82.3539,29.6813,America/New_York
5733,88507 Burning Wood Road,Rochester,NY,14624,-77.7311,43.1216,America/New_York
5741,6308 Judy Drive,Hagerstown,MD,21747,-77.9162,39.5207,America/New_York
5749,24 Manitowish Road,Des Moines,IA,50936,-93.5722,41.6727,America/Chicago
5757,718 Charing Cross Hill,El Paso,TX,88569,-106.3,31.6948,America/Denver
5765,18519 Lillian Street,South Bend,IN,46699,-86.293,41.5968,America/Indiana/Indianapolis
5773,358 Northview Drive,Oklahoma City,OK,73104,-97.5017,35.4794,America/Chicago
5781,07 Vahlen Avenue,Fullerton,CA,92640,-117.9309,33.7862,America/Los_Angeles
5789,2 Lyons Crossing,San Antonio,TX,78285,-98.4616,29.4375,America/Chicago
5797,5 Porter Court,Seattle,WA,98109,-122.3476,47.6339,America/Los_Angeles
5805,47 Commercial Terrace,Spring,TX,77388,-95.4695,30.0505,America/Chicago
5813,7661 Main Crossing,Washington,DC,20057,-77.0146,38.8933,America/New_York
5821,3959 Lerdahl Center,Syracuse,NY,13205,-76.1452,43.0123,America/New_York
5829,48192 Merry Pass,Long Beach,CA,90810,-118.2325,33.8193,America/Los_Angeles
5837,2650 Scoville Park,Springfield,IL,62764,-89.606,39.7495,America/Chicago
5845,07418 Messerschmidt Drive,San Jose,CA,95173,-121.8938,37.3352,America/Los_Angeles
5853,2943 Granby Crossing,Daytona Beach,FL,32118,-81.0095,29.2219,America/New_York
5861,28582 Bultman Court,New York City,NY,10115,-73.9642,40.8111,America/New_York
5869,8 Golf Hill,Beaufort,SC,29905,-80.689,32.3401,America/New_York
5877,0 Del Sol Way,Des Moines,IA,50393,-93.5722,41.6727,America/Chicago
5885,0 Lien Terrace,Minneapolis,MN,55470,-93.4719,45.0159,America/Chicago
5893,277 Nevada Terrace,Los Angeles,CA,90101,-118.2987,33.7866,America/Los_Angeles
5901,16306 Stang Way,Mountain View,CA,94042,-121.7053,37.1894,America/Los_Angeles
5909,4188 Vernon Junction,Miami Beach,FL,33141,-80.1446,25.8486,America/New_York
5917,19 Hoffman Court,Tuscaloosa,AL,35487,-87.5859,33.3072,America/Chicago
5925,67 Kennedy Court,Denver,CO,80249,-104.7556,39.7783,America/Denver
5933,015 Hovde Road,Lakeland,FL,33811,-82.0139,27.9865,America/New_York
5941,2 Golden Leaf Street,Phoenix,AZ,85083,-112.1294,33.7352,America/Phoenix
5949,1669 Hovde Place,Dallas,TX,75372,-96.7776,32.7673,America/Chicago
5957,91 Golf Lane,Brooklyn,NY,11247,-73.945,40.6451,America/New_York
5965,158 Warner Pass,Champaign,IL,61825,-88.1961,40.1399,America/Chicago
5973,4 American Circle,Newark,DE,19714,-75.597,39.5645,America/New_York
5981,8 Utah Park,Washington,DC,20551,-77.0452,38.892,America/New_York
5989,61640 Chinook Pass,San Antonio,TX,78296,-98.4616,29.4375,America/Chicago
5997,5 Orin Way,Irving,TX,75062,-96.974,32.8479,America/Chicago
6005,5769 Hollow Ridge Junction,Dayton,OH,45432,-84.0856,39.739,America/New_York
6013,6 Lake View Way,Miami,FL,33190,-80.3483,25.5593,America/New_York
6021,54253 Brentwood Terrace,Washington,DC,20310,-77.0146,38.8933,America/New_York
6029,49 Fuller Court,Jackson,MS,39296,-90.3972,32.3113,America/Chicago
6037,49058 Grim Terrace,San Francisco,CA,94116,-122.4863,37.7441,America/Los_Angeles
6045,94 1st Junction,Pomona,CA,91797,-118.2987,33.7866,America/Los_Angeles
6053,7302 Tomscot Avenue,Chicago,IL,60641,-87.7474,41.9453,America/Chicago
6061,26594 Ruskin Plaza,Harrisburg,PA,17126,-76.88,40.2618,America/New_York
6069,1471 Dwight Court,Berkeley,CA,94712,-121.9215,37.6802,America/Los_Angeles
6077,59232 Schiller Hill,Indianapolis,IN,46247,-86.1328,39.7795,America/Indiana/Indianapolis
6085,06 Spaight Hill,Roanoke,VA,24034,-79.9579,37.2742,America/New_York
6093,7 Monterey Street,Gatesville,TX,76598,-97.7993,31.3902,America/Chicago
6101,3689 Arizona Street,Omaha,NE,68197,-96.0274,41.249,America/Chicago
6109,2 8th Pass,Littleton,CO,80161,-104.4083,39.7388,America/Denver
6117,802 Jana Parkway,Largo,FL,33777,-82.7545,27.8546,America/New_York
6125,40910 Arapahoe Street,Murfreesboro,TN,37131,-86.421,35.8596,America/Chicago
6133,01533 Bellgrove Hill,Denver,CO,80235,-105.0795,39.6472,America/Denver
6141,9267 Schurz Avenue,Detroit,MI,48295,-83.1508,42.2399,America/Detroit
6149,108 Mendota Road,Washington,DC,20260,-77.0146,38.8933,America/New_York
6157,8068 Ryan Junction,Washington,DC,20337,-77.0146,38.8933,America/New_York
6165,2677 Shoshone Junction,Beaumont,TX,77705,-94.1157,30.0211,America/Chicago
6173,399 Gateway Place,Memphis,TN,38188,-89.9715,35.2017,America/Chicago
6181,3648 Ramsey Road,Wilmington,NC,28405,-77.867,34.2651,America/New_York
6189,539 Messerschmidt Place,Atlanta,GA,31190,-84.4226,33.7629,America/New_York
6197,23221 Hoepker Drive,Shreveport,LA,71115,-93.6092,32.3401,America/Chicago
6205,30 Corben Terrace,Worcester,MA,01610,-71.8108,42.2492,America/New_York
6213,4365 Tennyson Place,Meridian,MS,39305,-88.6783,32.4401,America/Chicago
6221,605 Stephen Hill,Winston Salem,NC,27116,-80.2073,36.0275,America/New_York
6229,493 Portage Trail,Santa Ana,CA,92705,-117.7919,33.754,America/Los_Angeles
6237,75 Rusk Trail,Detroit,MI,48224,-82.9441,42.4098,America/Detroit
6245,77 Prairie Rose Way,New York City,NY,10029,-73.9448,40.7918,America/New_York
6253,83 Becker Avenue,Flushing,NY,11355,-73.8226,40.7536,America/New_York
6261,92 Trailsway Crossing,El Paso,TX,88569,-106.3,31.6948,America/Denver
6269,74 Columbus Junction,Saint Petersburg,FL,33737,-82.7248,27.8918,America/New_York
6277,37 Victoria Terrace,Corpus Christi,TX,78426,-97.4632,27.777,America/Chicago
6285,23772 Northridge Alley,Fresno,CA,93786,-119.6397,36.7464,America/Los_Angeles
6293,0 Arkansas Drive,Silver Spring,MD,20904,-76.9969,39.0668,America/New_York
6301,12 Susan Crossing,Atlanta,GA,30316,-84.3339,33.7217,America/New_York
6309,19733 Vernon Parkway,Saint Petersburg,FL,33742,-82.7248,27.8918,America/New_York
6317,50159 Randy Way,Pompano Beach,FL,33064,-80.1157,26.2785,America/New_York
6325,5220 Drewry Alley,Billings,MT,59105,-108.599,45.9497,America/Denver
6333,0 Corry Court,Roanoke,VA,24024,-79.9579,37.2742,America/New_York
6341,223 Claremont Way,Baltimore,MD,21229,-76.6899,39.2856,America/New_York
6349,435 Dahle Avenue,Columbus,GA,31998,-84.8741,32.491,America/New_York
6357,5 Mitchell Alley,Pittsburgh,PA,15274,-80.0248,40.4344,America/New_York
6365,24 Judy Park,San Francisco,CA,94126,-122.7278,37.7848,America/Los_Angeles
6373,34850 Park Meadow Terrace,Saint Louis,MO,63180,-90.2435,38.6531,America/Chicago
6381,50447 Dennis Crossing,Boston,MA,02104,-70.9196,42.3389,America/New_York
6389,02 Ridgeview Junction,Wilmington,NC,28410,-77.8526,34.0881,America/New_York
6397,7469 Mitchell Parkway,Orange,CA,92668,-117.8742,33.7867,America/Los_Angeles
6405,7 Upham Crossing,Dayton,OH,45432,-84.0856,39.739,America/New_York
6413,2566 Iowa Terrace,Port Charlotte,FL,33954,-82.1108,27.0228,America/New_York
6421,79152 Blue Bill Park Alley,Boston,MA,02163,-71.1122,42.3253,America/New_York
6429,395 Glendale Drive,El Paso,TX,79984,-106.3,31.6948,America/Denver
6437,85 Del Sol Lane,Inglewood,CA,90310,-118.2987,33.7866,America/Los_Angeles
6445,02357 Westport Junction,Sacramento,CA,94263,-121.4444,38.3774,America/Los_Angeles
6453,8 Debra Street,Wichita,KS,67260,-97.2936,37.7194,America/Chicago
6461,57 Gateway Junction,El Paso,TX,88530,-106.3,31.6948,America/Denver
6469,88 Pearson Court,Springfield,IL,62794,-89.606,39.7495,America/Chicago
6477,46485 Springs Place,New Orleans,LA,70187,-89.8826,30.033,America/Chicago
6485,65151 Goodland Drive,Louisville,KY,40210,-85.7905,38.2306,America/Kentucky/Louisville
6493,3789 Blue Bill Park Point,Lexington,KY,40510,-84.591,38.0702,America/New_York
6501,9855 Chive Road,El Paso,TX,88579,-106.3,31.6948,America/Denver
6509,0196 Surrey Drive,Birmingham,AL,35225,-86.9292,33.5446,America/Chicago
6517,259 Lien Drive,Alexandria,VA,22333,-77.09,38.8158,America/New_York
6525,540 Red Cloud Court,Cincinnati,OH,45208,-84.4355,39.1361,America/New_York
6533,80 Hintze Point,Jacksonville,FL,32215,-81.893,30.2407,America/New_York
6541,567 Hooker Circle,Washington,DC,20260,-77.0146,38.8933,America/New_York
6549,3 Katie Street,Greensboro,NC,27404,-80.0244,36.0807,America/New_York
6557,45917 Summit Plaza,Long Beach,CA,90810,-118.2325,33.8193,America/Los_Angeles
6565,72 American Place,Panama City,FL,32405,-85.6727,30.1949,America/Chicago
6573,2169 Wayridge Alley,Boca Raton,FL,33432,-80.0844,26.3462,America/New_York
6581,7 American Pass,Richmond,VA,23237,-77.4615,37.4011,America/New_York
6589,9879 Veith Terrace,Lafayette,IN,47905,-86.8602,40.4001,America/Indiana/Indianapolis
6597,66 Norway Maple Lane,Temple,TX,76505,-97.492,31.0363,America/Chicago
6605,4865 Oakridge Parkway,Austin,TX,78726,-97.8326,30.43,America/Chicago
6613,2670 Texas Trail,Abilene,TX,79605,-99.7724,32.432,America/Chicago
6621,8 Magdeline Avenue,Louisville,KY,40205,-85.6885,38.2222,America/Kentucky/Louisville
6629,6 South Drive,Roanoke,VA,24034,-79.9579,37.2742,America/New_York
6637,4816 Petterle Point,West Palm Beach,FL,33416,-80.0929,26.6654,America/New_York
6645,91 Prentice Center,Corona,CA,92883,-117.474,33.7541,America/Los_Angeles
6653,6 Canary Terrace,Midland,TX,79710,-102.0317,31.8693,America/Chicago
6661,69871 Holy Cross Point,Washington,DC,20041,-77.0146,38.8933,America/New_York
6669,2 Tony Circle,Buffalo,NY,14205,-78.8871,42.7684,America/New_York
6677,7 Pine View Center,Birmingham,AL,35215,-86.7057,33.6493,America/Chicago
6685,27 Calypso Avenue,Memphis,TN,38119,-89.8501,35.0821,America/Chicago
6693,3825 Clarendon Plaza,Detroit,MI,48267,-83.1508,42.2399,America/Detroit
6701,4 Monterey Court,Kansas City,MO,64125,-94.4923,39.1042,America/Chicago
6709,23 Browning Road,Meridian,MS,39305,-88.6783,32.4401,America/Chicago
6717,4 Stone Corner Crossing,Charlotte,NC,28263,-80.8432,35.2268,America/New_York
6725,39644 Canary Point,Salt Lake City,UT,84152,-111.6627,40.7286,America/Denver
6733,4232 Lunder Road,Mobile,AL,36622,-88.178,30.6589,America/Chicago
6741,4 Hanson Avenue,Knoxville,TN,37939,-83.9622,35.9901,America/New_York
6749,09900 West Way,Greensboro,NC,27415,-80.0244,36.0807,America/New_York
6757,5 Haas Alley,Huntsville,AL,35895,-86.5229,34.734,America/Chicago
6765,2 Westport Trail,Miami,FL,33111,-80.4582,25.5584,America/New_York
6773,31 Anzinger Parkway,Chicago,IL,60657,-87.6528,41.9399,America/Chicago
6781,252 Laurel Pass,Springfield,IL,62718,-89.6466,39.778,America/Chicago
6789,940 Manufacturers Point,Las Vegas,NV,89160,-114.9721,35.9279,America/Los_Angeles
6797,72 2nd Terrace,Torrance,CA,90505,-118.3507,33.8106,America/Los_Angeles
6805,17 Warbler Park,Arlington,VA,22212,-77.113,38.8808,America/New_York
6813,408 Onsgard Alley,Jefferson City,MO,65105,-92.2493,38.5309,America/Chicago
6821,266 Red Cloud Point,Chattanooga,TN,37410,-85.3138,35.0018,America/New_York
6829,77 3rd Crossing,Des Moines,IA,50310,-93.6736,41.6255,America/Chicago
6837,589 Mallard Drive,Dayton,OH,45414,-84.2024,39.8285,America/New_York
6845,69610 Beilfuss Point,New Orleans,LA,70160,-89.8826,30.033,America/Chicago
6853,01127 Fair Oaks Park,Abilene,TX,79605,-99.7724,32.432,America/Chicago
6861,3802 Vera Center,Knoxville,TN,37995,-83.9622,35.9901,America/New_York
6869,20 Carberry Terrace,Worcester,MA,01610,-71.8108,42.2492,America/New_York
6877,9 Claremont Alley,Baltimore,MD,21216,-76.6699,39.3093,America/New_York
6885,870 Warner Hill,San Diego,CA,92191,-116.846,33.0169,America/Los_Angeles
6893,52 Hooker Place,Cape Coral,FL,33915,-81.8934,26.6599,America/New_York
6901,410 West Avenue,Baltimore,MD,21203,-76.6205,39.2847,America/New_York
6909,696 Hudson Hill,Charlotte,NC,28205,-80.7881,35.22,America/New_York
6917,9555 Green Ridge Avenue,Philadelphia,PA,19160,-75.1179,40.0018,America/New_York
6925,77882 Thackeray Park,Pittsburgh,PA,15215,-79.9138,40.5048,America/New_York
6933,200 Towne Circle,Columbus,OH,43268,-83.0114,39.969,America/New_York
6941,91 Blue Bill Park Pass,Roanoke,VA,24034,-79.9579,37.2742,America/New_York
6949,650 Amoth Way,Washington,DC,20409,-77.0146,38.8933,America/New_York
6957,468 Corry Drive,Birmingham,AL,35220,-86.9292,33.5446,America/Chicago
6965,1 Moose Circle,Sioux Falls,SD,57188,-96.7913,43.6746,America/Chicago
6973,2 Farmco Lane,Norfolk,VA,23509,-76.2604,36.8787,America/New_York
6981,7 1st Center,Dallas,TX,75236,-96.9177,32.69,America/Chicago
6989,0707 Green Ridge Center,High Point,NC,27264,-80.0244,36.0807,America/New_York
6997,8501 Moulton Lane,Simi Valley,CA,93094,-119.1343,34.0324,America/Los_Angeles
7005,184 Warbler Center,Greensboro,NC,27415,-80.0244,36.0807,America/New_York
7013,48 Sachs Trail,Jamaica,NY,11480,-73.8061,40.6914,America/New_York
7021,8 Upham Drive,Montgomery,AL,36195,-86.2843,32.3544,America/Chicago
7029,09 Kropf Court,Louisville,KY,40210,-85.7905,38.2306,America/Kentucky/Louisville
7037,37 Ridgeview Street,Augusta,GA,30905,-82.1337,33.413,America/New_York
7045,64564 Hovde Alley,Kansas City,KS,66105,-94.6356,39.085,America/Chicago
7053,3635 Fremont Crossing,Phoenix,AZ,85030,-112.1872,33.2765,America/Phoenix
7061,63 Corben Park,Pittsburgh,PA,15286,-80.0248,40.4344,America/New_York
7069,493 Clarendon Pass,Phoenix,AZ,85030,-112.1872,33.2765,America/Phoenix
7077,94 Spohn Plaza,Peoria,IL,61629,-89.5887,40.692,America/Chicago
7085,07 Shasta Trail,Denver,CO,80241,-104.9548,39.9274,America/Denver
7093,03 Bonner Avenue,New York City,NY,10014,-74.0054,40.7339,America/New_York
7101,0 Dottie Center,Garden Grove,CA,92645,-118.0256,33.783,America/Los_Angeles
7109,396 Russell Center,El Paso,TX,88579,-106.3,31.6948,America/Denver
7117,5242 Oxford Center,Philadelphia,PA,19131,-75.2282,39.9845,America/New_York
7125,4 Oneill Street,Boca Raton,FL,33499,-80.4303,26.6459,America/New_York
7133,5 Morrow Lane,Gainesville,FL,32627,-82.3539,29.6813,America/New_York
7141,835 Center Circle,San Luis Obispo,CA,93407,-120.4553,35.3471,America/Los_Angeles
7149,2 Lakewood Trail,New Orleans,LA,70165,-89.8826,30.033,America/Chicago
7157,24245 Mayfield Park,Roanoke,VA,24029,-79.9579,37.2742,America/New_York
7165,2 3rd Plaza,Houston,TX,77040,-95.5278,29.8744,America/Chicago
7173,7823 Upham Point,Spring,TX,77386,-95.4239,30.1288,America/Chicago
7181,1 Stoughton Point,Charlotte,NC,28230,-80.8042,35.26,America/New_York
7189,235 Homewood Court,Columbus,MS,39705,-88.4865,33.5508,America/Chicago
7197,1 Clarendon Crossing,Chandler,AZ,85246,-112.1872,33.2765,America/Phoenix
7205,3671 Weeping Birch Drive,El Paso,TX,79928,-106.1401,31.6631,America/Denver
7213,7 Union Street,Akron,OH,44393,-81.54,41.1287,America/New_York
7221,22720 Kings Drive,Kansas City,MO,64190,-94.8516,39.3432,America/Chicago
7229,062 Sachtjen Park,Eugene,OR,97405,-123.0998,44.0185,America/Los_Angeles
7237,3300 Waywood Alley,Saint Joseph,MO,64504,-94.8677,39.7076,America/Chicago
7245,683 Pankratz Avenue,Saint Petersburg,FL,33731,-82.7248,27.8918,America/New_York
7253,20 Amoth Plaza,Boulder,CO,80310,-105.3735,40.0878,America/Denver
7261,2292 Oakridge Parkway,Colorado Springs,CO,80995,-104.562,38.8247,America/Denver
7269,1 Debra Way,Pompano Beach,FL,33064,-80.1157,26.2785,America/New_York
7277,35 Donald Parkway,Jacksonville,FL,32244,-81.7556,30.2231,America/New_York
7285,35178 Summit Lane,New York City,NY,10045,-74.0087,40.7086,America/New_York
7293,7 4th Center,Evansville,IN,47747,-87.575,37.9971,America/Chicago
7301,510 Graceland Park,Buffalo,NY,14269,-78.8871,42.7684,America/New_York
7309,2 Hagan Lane,Harrisburg,PA,17105,-76.8752,40.2785,America/New_York
7317,480 Holy Cross Park,Washington,DC,20088,-77.0146,38.8933,America/New_York
7325,1910 Nova Place,Los Angeles,CA,90010,-118.3027,34.0606,America/Los_Angeles
7333,2 Butterfield Crossing,Denver,CO,80204,-105.0259,39.734,America/Denver
7341,60660 Dixon Way,Kansas City,KS,66105,-94.6356,39.085,America/Chicago
7349,29954 Waubesa Place,Mobile,AL,36605,-88.0846,30.6341,America/Chicago
7357,20 Hudson Trail,Saint Louis,MO,63121,-90.3055,38.7072,America/Chicago
7365,557 Sage Drive,Arlington,VA,22244,-77.052,38.8545,America/New_York
7373,974 Troy Terrace,Denton,TX,76210,-97.0727,33.1428,America/Chicago
7381,87 Everett Lane,Boston,MA,02216,-70.9196,42.3389,America/New_York
7389,328 Arapahoe Crossing,Panama City,FL,32405,-85.6727,30.1949,America/Chicago
7397,89 Cascade Center,Minneapolis,MN,55407,-93.2545,44.9378,America/Chicago
7405,6 Caliangt Parkway,Salt Lake City,UT,84152,-111.6627,40.7286,America/Denver
7413,74 Comanche Drive,Raleigh,NC,27690,-78.6253,35.7977,America/New_York
7421,688 Forster Hill,Saint Paul,MN,55115,-92.9391,45.071,America/Chicago
7429,313 Kinsman Crossing,Houston,TX,77090,-95.447,30.0167,America/Chicago
7437,19 Banding Terrace,Joliet,IL,60435,-88.1299,41.5454,America/Chicago
7445,628 Mendota Park,Milwaukee,WI,53205,-87.9353,43.0528,America/Chicago
7453,662 Charing Cross Court,Newark,NJ,07112,-74.2131,40.7107,America/New_York
7461,43 Montana Street,El Paso,TX,79940,-106.3,31.6948,America/Denver
7469,113 Daystar Park,Jackson,MS,39204,-90.2306,32.2832,America/Chicago
7477,3 Hintze Plaza,Memphis,TN,38136,-89.9715,35.2017,America/Chicago
7485,5613 Kim Circle,Palatine,IL,60078,-87.6873,41.8119,America/Chicago
7493,53031 Village Lane,Sparks,NV,89436,-119.7081,39.6269,America/Los_Angeles
7501,6089 Bonner Place,Wilmington,DE,19897,-75.597,39.5645,America/New_York
7509,2 Onsgard Trail,Nashville,TN,37215,-86.8219,36.0986,America/Chicago
7517,75094 Butterfield Plaza,Shreveport,LA,71137,-93.7526,32.6076,America/Chicago
7525,809 Mendota Center,Bridgeport,CT,06673,-73.3637,41.3089,America/New_York
7533,1 Morning Road,Houston,TX,77260,-95.3867,29.7687,America/Chicago
7541,12884 Petterle Junction,Tacoma,WA,98405,-122.4644,47.2484,America/Los_Angeles
7549,88 Kenwood Hill,North Las Vegas,NV,89036,-114.9721,35.9279,America/Los_Angeles
7557,44334 Kennedy Court,Madison,WI,53716,-89.3133,43.0631,America/Chicago
7565,0 Russell Point,Omaha,NE,68144,-96.1188,41.2335,America/Chicago
7573,94 Crest Line Alley,Harrisburg,PA,17121,-76.8938,40.2944,America/New_York
7581,29 Roxbury Terrace,North Hollywood,CA,91606,-118.3865,34.1872,America/Los_Angeles
7589,18 Thierer Avenue,Sioux Falls,SD,57198,-96.7913,43.6746,America/Chicago
7597,5592 Oak Parkway,Tulsa,OK,74108,-95.7923,36.1499,America/Chicago
7605,12871 East Circle,Miami,FL,33233,-80.4582,25.5584,America/New_York
7613,09032 Leroy Plaza,Jersey City,NJ,07310,-74.0431,40.7324,America/New_York
7621,07 Judy Pass,Metairie,LA,70005,-90.1331,30.0005,America/Chicago
7629,9489 Forest Run Lane,Baton Rouge,LA,70894,-91.0804,30.5159,America/Chicago
7637,19162 Arkansas Place,Kansas City,MO,64142,-94.3567,39.035,America/Chicago
7645,20492 Bartelt Center,Jackson,MS,39210,-90.1771,32.3218,America/Chicago
7653,3272 Melrose Hill,Saint Louis,MO,63158,-90.2435,38.6531,America/Chicago
7661,6050 Schurz Park,Hialeah,FL,33013,-80.2725,25.8594,America/New_York
7669,51441 Sullivan Trail,Memphis,TN,38119,-89.8501,35.0821,America/Chicago
7677,365 Maple Wood Road,Philadelphia,PA,19151,-75.2545,39.9772,America/New_York
7685,298 Bunker Hill Hill,Indianapolis,IN,46202,-86.1595,39.7851,America/Indiana/Indianapolis
7693,0086 Crescent Oaks Drive,Jacksonville,FL,32215,-81.893,30.2407,America/New_York
7701,14344 Clemons Drive,Seattle,WA,98175,-122.3004,47.7161,America/Los_Angeles
7709,68365 Dwight Way,New York City,NY,10275,-73.9772,40.7808,America/New_York
7717,4 Brickson Park Pass,Newark,NJ,07195,-74.2452,40.7918,America/New_York
7725,0855 Ludington Hill,Charlotte,NC,28256,-80.8042,35.26,America/New_York
7733,78 Rieder Court,Charlotte,NC,28284,-80.8042,35.26,America/New_York
7741,210 Dawn Avenue,Tacoma,WA,98464,-122.1132,47.0662,America/Los_Angeles
7749,752 Manitowish Park,Albany,GA,31704,-84.0612,31.55,America/New_York
7757,57050 Armistice Park,Knoxville,TN,37995,-83.9622,35.9901,America/New_York
7765,621 Arapahoe Alley,Fort Myers,FL,33906,-81.9486,26.5529,America/New_York
7773,28 Pankratz Place,Anderson,SC,29625,-82.7087,34.5271,America/New_York
7781,81787 Mendota Plaza,Denver,CO,80228,-105.156,39.6888,America/Denver
7789,4 Elka Court,Lake Charles,LA,70616,-93.3265,30.2642,America/Chicago
7797,74 Bowman Park,Melbourne,FL,32941,-80.5235,27.9246,America/New_York
7805,44 Hintze Lane,Des Moines,IA,50936,-93.5722,41.6727,America/Chicago
7813,33402 Prairie Rose Way,Flint,MI,48505,-83.7001,43.0634,America/Detroit
7821,8 Artisan Crossing,Birmingham,AL,35279,-86.9292,33.5446,America/Chicago
7829,679 Rieder Alley,Raleigh,NC,27626,-78.6253,35.7977,America/New_York
7837,8796 Lunder Avenue,El Paso,TX,88553,-106.3,31.6948,America/Denver
7845,8 Rutledge Lane,Des Moines,IA,50315,-93.6192,41.5444,America/Chicago
7853,89883 Mallard Terrace,Arlington,TX,76096,-97.2915,32.7714,America/Chicago
7861,6828 Sunfield Road,Grand Junction,CO,81505,-108.5968,39.1071,America/Denver
7869,6 Division Parkway,Grand Rapids,MI,49510,-85.5503,43.0314,America/Detroit
7877,3 Village Trail,Philadelphia,PA,19136,-75.0244,40.0422,America/New_York
7885,9 Clove Pass,New Orleans,LA,70160,-89.8826,30.033,America/Chicago
7893,9 Quincy Center,Colorado Springs,CO,80951,-104.6556,38.8881,America/Denver
7901,2842 Grover Way,Oklahoma City,OK,73157,-97.4075,35.5514,America/Chicago
7909,2 Northwestern Alley,Tacoma,WA,98417,-122.4822,47.2061,America/Los_Angeles
7917,957 Forster Place,Jacksonville,FL,32230,-81.6831,30.3449,America/New_York
7925,9002 Prairieview Park,Jackson,MS,39216,-90.1708,32.3386,America/Chicago
7933,62 Clove Street,Tacoma,WA,98411,-122.1132,47.0662,America/Los_Angeles
7941,5671 Elka Lane,Albuquerque,NM,87190,-106.6729,35.0443,America/Denver
7949,7414 Dixon Pass,Peoria,IL,61651,-89.7184,40.7442,America/Chicago
7957,08828 Basil Crossing,New York City,NY,10115,-73.9642,40.8111,America/New_York
7965,31 Tennessee Crossing,Clearwater,FL,34620,-82.7157,27.9139,America/New_York
7973,35005 Leroy Trail,Greenville,SC,29610,-82.4538,34.8497,America/New_York
7981,1302 Raven Road,Little Rock,AR,72231,-92.1894,34.8019,America/Chicago
7989,1 David Terrace,Corpus Christi,TX,78426,-97.4632,27.777,America/Chicago
7997,660 Main Court,Pittsburgh,PA,15225,-80.1155,40.5051,America/New_York
8005,2917 Wayridge Alley,Columbus,OH,43204,-83.078,39.9523,America/New_York
8013,75992 Tennyson Center,Austin,TX,78769,-97.7713,30.3264,America/Chicago
8021,7 Swallow Road,Springfield,MO,65805,-93.3437,37.2581,America/Chicago
8029,93 Bayside Alley,Amarillo,TX,79176,-101.8165,35.1885,America/Chicago
8037,228 American Ash Pass,Farmington,MI,48335,-83.4053,42.4617,America/Detroit
8045,978 Londonderry Alley,Orlando,FL,32859,-81.4026,28.4429,America/New_York
8053,6659 Jenifer Hill,Peoria,IL,61629,-89.5887,40.692,America/Chicago
8061,5 Dennis Place,Columbus,OH,43226,-83.0114,39.969,America/New_York
8069,50 Shasta Street,Salt Lake City,UT,84120,-112.0001,40.695,America/Denver
8077,6 Debs Alley,Newark,NJ,07104,-74.1695,40.7664,America/New_York
8085,260 Hoffman Point,San Diego,CA,92127,-117.0856,33.0279,America/Los_Angeles
8093,61 Golden Leaf Street,Apache Junction,AZ,85219,-111.2795,33.3616,America/Phoenix
8101,395 Kipling Crossing,Portland,OR,97255,-122.3748,45.5806,America/Los_Angeles
8109,20 Forster Alley,Lehigh Acres,FL,33972,-81.6167,26.6492,America/New_York
8117,18 Darwin Road,Salt Lake City,UT,84145,-111.9083,40.6681,America/Denver
8125,18 Dwight Road,Huntington Beach,CA,92648,-118.0051,33.6773,America/Los_Angeles
8133,934 Arrowood Trail,Minneapolis,MN,55441,-93.4193,45.0058,America/Chicago
8141,020 Continental Alley,Montgomery,AL,36177,-86.2085,32.2334,America/Chicago
8149,105 Steensland Hill,Memphis,TN,38188,-89.9715,35.2017,America/Chicago
8157,895 Helena Drive,Brooklyn,NY,11254,-73.945,40.6451,America/New_York
8165,26915 Veith Way,Round Rock,TX,78682,-97.6026,30.6568,America/Chicago
8173,4461 Fairview Junction,Dallas,TX,75353,-96.7776,32.7673,America/Chicago
8181,47599 Schiller Alley,Lexington,KY,40546,-84.4715,38.0283,America/New_York
8189,24328 Merchant Pass,Huntington,WV,25716,-82.2774,38.4134,America/New_York
8197,12 Di Loreto Terrace,Sacramento,CA,94297,-121.4444,38.3774,America/Los_Angeles
8205,7 Orin Crossing,Bismarck,ND,58505,-100.7805,46.8165,America/Chicago
8213,06 Washington Drive,Pasadena,CA,91125,-118.2987,33.7866,America/Los_Angeles
8221,82 Evergreen Alley,Saint Petersburg,FL,33742,-82.7248,27.8918,America/New_York
8229,6905 Tomscot Trail,Dayton,OH,45426,-84.3211,39.7982,America/New_York
8237,42 Maryland Park,Fort Collins,CO,80525,-105.0547,40.5384,America/Denver
8245,5973 Morningstar Terrace,Las Vegas,NV,89105,-115.1471,36.086,America/Los_Angeles
8253,8 Talisman Way,Toledo,OH,43699,-83.6589,41.6538,America/New_York
8261,1457 Dottie Trail,Lake Worth,FL,33467,-80.1683,26.6104,America/New_York
8269,7349 Vahlen Trail,Pompano Beach,FL,33064,-80.1157,26.2785,America/New_York
8277,468 Linden Court,Migrate,KY,41905,-84.5027,38.0638,America/New_York
8285,7 Buena Vista Park,Waterloo,IA,50706,-92.2703,42.4156,America/Chicago
8293,42645 Mendota Hill,Washington,DC,20442,-77.0177,38.896,America/New_York
8301,0399 Carioca Circle,Lancaster,CA,93584,-118.2987,33.7866,America/Los_Angeles
8309,84812 Bashford Street,New Orleans,LA,70129,-89.8462,30.0877,America/Chicago
8317,68271 Menomonie Way,Madison,WI,53726,-89.4239,43.0696,America/Chicago
8325,00 Golf View Street,Danbury,CT,06816,-73.3637,41.3089,America/New_York
8333,2720 Summerview Pass,Madison,WI,53779,-89.3242,43.0982,America/Chicago
8341,508 Cascade Parkway,Greeley,CO,80638,-104.315,40.5009,America/Denver
8349,56 Bashford Place,Roanoke,VA,24040,-79.9579,37.2742,America/New_York
8357,26280 Shoshone Court,Fresno,CA,93794,-119.6397,36.7464,America/Los_Angeles
8365,704 Weeping Birch Road,Memphis,TN,38136,-89.9715,35.2017,America/Chicago
8373,1 Debs Place,Battle Creek,MI,49018,-85.0045,42.2464,America/Detroit
8381,39129 Basil Alley,Augusta,GA,30919,-82.091,33.386,America/New_York
8389,99 Marquette Pass,Anchorage,AK,99599,-149.8804,61.1872,America/Anchorage
8397,8 Ramsey Terrace,Akron,OH,44393,-81.54,41.1287,America/New_York
8405,72938 Longview Alley,Denver,CO,80249,-104.7556,39.7783,America/Denver
8413,45279 Bay Park,Oklahoma City,OK,73179,-97.6547,35.4242,America/Chicago
8421,8792 Rusk Park,Colorado Springs,CO,80915,-104.7134,38.8558,America/Denver
8429,23 Hanson Lane,Maple Plain,MN,55572,-93.4719,45.0159,America/Chicago
8437,01147 Hallows Way,Santa Fe,NM,87505,-105.8688,35.6219,America/Denver
8445,4 Cascade Trail,Aurora,IL,60505,-88.2971,41.7582,America/Chicago
8453,3 5th Park,Savannah,GA,31416,-81.0477,32.0053,America/New_York
8461,19997 Bobwhite Circle,Topeka,KS,66606,-95.7095,39.0583,America/Chicago
8469,40784 Caliangt Avenue,Knoxville,TN,37914,-83.8496,35.9918,America/New_York
8477,719 Farmco Avenue,Charleston,WV,25336,-81.5547,38.2968,America/New_York
8485,161 Kennedy Parkway,Houston,TX,77070,-95.5803,29.9781,America/Chicago
8493,5 American Ash Pass,Milwaukee,WI,53263,-88.0604,43.0746,America/Chicago
8501,30509 Eastwood Plaza,Washington,DC,20414,-77.0221,38.884,America/New_York
8509,8 Arizona Point,Knoxville,TN,37914,-83.8496,35.9918,America/New_York
8517,2264 Old Gate Junction,Honolulu,HI,96805,-157.8585,21.3062,Pacific/Honolulu
8525,3361 Texas Parkway,Little Rock,AR,72231,-92.1894,34.8019,America/Chicago
8533,9 Quincy Street,Torrance,CA,90505,-118.3507,33.8106,America/Los_Angeles
8541,8160 Karstens Place,Atlanta,GA,30311,-84.4702,33.723,America/New_York
8549,242 Cherokee Pass,San Francisco,CA,94121,-122.4892,37.7786,America/Los_Angeles
8557,54 Merry Junction,Whittier,CA,90610,-118.2987,33.7866,America/Los_Angeles
8565,76458 Acker Street,Burbank,CA,91520,-118.348,34.1869,America/Los_Angeles
8573,99 Meadow Vale Plaza,New York City,NY,10099,-73.9772,40.7808,America/New_York
8581,4147 Oakridge Pass,Birmingham,AL,35263,-86.8094,33.5225,America/Chicago
8589,963 Schlimgen Junction,Atlanta,GA,31196,-84.474,33.8444,America/New_York
8597,738 Oak Valley Street,Irvine,CA,92717,-117.8398,33.6462,America/Los_Angeles
8605,73788 Ruskin Pass,New York City,NY,10292,-73.9772,40.7808,America/New_York
8613,72 Sullivan Terrace,Prescott,AZ,86305,-112.9584,34.8185,America/Phoenix
8621,87247 Transport Way,Des Moines,IA,50936,-93.5722,41.6727,America/Chicago
8629,80716 Cambridge Junction,Houston,TX,77080,-95.523,29.8159,America/Chicago
8637,347 Corry Parkway,Anchorage,AK,99512,-149.8084,61.204,America/Anchorage
8645,350 Union Point,Lakeland,FL,33811,-82.0139,27.9865,America/New_York
8653,47808 Anzinger Point,Eugene,OR,97405,-123.0998,44.0185,America/Los_Angeles
8661,485 Nancy Court,Tuscaloosa,AL,35487,-87.5859,33.3072,America/Chicago
8669,069 Summit Trail,Albuquerque,NM,87115,-106.5461,35.0549,America/Denver
8677,12 Manley Junction,Washington,DC,20551,-77.0452,38.892,America/New_York
8685,4639 Russell Lane,Portland,OR,97286,-122.3748,45.5806,America/Los_Angeles
8693,9 Green Alley,Los Angeles,CA,90015,-118.2716,34.0434,America/Los_Angeles
8701,07 Florence Junction,Waterbury,CT,06705,-72.9963,41.5503,America/New_York
8709,49 Blackbird Trail,Saint Paul,MN,55166,-93.1059,45.0059,America/Chicago
8717,79 Blackbird Pass,Louisville,KY,40298,-85.6768,38.189,America/Kentucky/Louisville
8725,00874 Manufacturers Court,Detroit,MI,48211,-83.0409,42.3809,America/Detroit
8733,40 Reinke Way,Saint Louis,MO,63121,-90.3055,38.7072,America/Chicago
8741,41791 Katie Circle,Elmira,NY,14905,-76.8397,42.0869,America/New_York
8749,156 Dexter Lane,Newport News,VA,23612,-76.5248,37.1959,America/New_York
8757,537 Grasskamp Junction,Indianapolis,IN,46247,-86.1328,39.7795,America/Indiana/Indianapolis
8765,1 Holmberg Street,Baltimore,MD,21229,-76.6899,39.2856,America/New_York
8773,1461 Pond Park,Pittsburgh,PA,15274,-80.0248,40.4344,America/New_York
8781,157 Roth Avenue,Cedar Rapids,IA,52405,-91.7098,41.9804,America/Chicago
8789,278 Badeau Drive,Houston,TX,77281,-95.4342,29.834,America/Chicago
8797,8 Pawling Plaza,Youngstown,OH,44511,-80.6931,41.0704,America/New_York
8805,86135 Donald Point,Ogden,UT,84403,-111.9489,41.1894,America/Denver
8813,41 Northland Drive,Naples,FL,34114,-81.5856,26.0143,America/New_York
8821,7959 Tennyson Point,San Jose,CA,95123,-121.8306,37.2458,America/Los_Angeles
8829,24 Northfield Center,Grand Rapids,MI,49510,-85.5503,43.0314,America/Detroit
8837,29 Hansons Way,Columbia,MO,65218,-92.1022,38.9033,America/Chicago
8845,7750 Cambridge Point,Portland,OR,97206,-122.5973,45.484,America/Los_Angeles
8853,1 Jana Lane,Mobile,AL,36622,-88.178,30.6589,America/Chicago
8861,92 Crowley Alley,San Antonio,TX,78245,-98.6895,29.4189,America/Chicago
8869,52 Westridge Crossing,Birmingham,AL,35205,-86.8059,33.4951,America/Chicago
8877,7101 Glendale Lane,Philadelphia,PA,19184,-75.1179,40.0018,America/New_York
8885,25 Hudson Street,Dallas,TX,75358,-96.7652,32.7942,America/Chicago
8893,92 Steensland Center,Oakland,CA,94605,-122.1633,37.7641,America/Los_Angeles
8901,4754 Schiller Trail,Independence,MO,64054,-94.4401,39.11,America/Chicago
8909,01689 Elka Avenue,Pasadena,TX,77505,-95.1464,29.6518,America/Chicago
8917,16523 Dahle Lane,Pittsburgh,PA,15215,-79.9138,40.5048,America/New_York
8925,1 Hollow Ridge Road,Phoenix,AZ,85005,-112.1872,33.2765,America/Phoenix
8933,6733 Eastwood Park,Davenport,IA,52809,-90.6063,41.613,America/Chicago
8941,70 Bultman Lane,Washington,DC,20046,-77.0146,38.8933,America/New_York
8949,0844 Sloan Avenue,Galveston,TX,77554,-94.9637,29.2243,America/Chicago
8957,49599 Bartillon Way,Carson City,NV,89706,-119.7526,39.2025,America/Los_Angeles
8965,53992 Vernon Junction,Atlanta,GA,30340,-84.2539,33.8932,America/New_York
8973,06103 Bobwhite Alley,Madison,WI,53790,-89.4239,43.0696,America/Chicago
8981,9 Ronald Regan Terrace,Milwaukee,WI,53215,-87.9429,43.006,America/Chicago
8989,96 5th Court,Sarasota,FL,34233,-82.477,27.2866,America/New_York
8997,64121 Texas Terrace,Wichita,KS,67236,-97.2871,37.5422,America/Chicago
9005,69 Helena Lane,San Antonio,TX,78220,-98.4128,29.4106,America/Chicago
9013,5 Larry Plaza,Raleigh,NC,27658,-78.6253,35.7977,America/New_York
9021,1119 Loomis Avenue,Augusta,GA,30919,-82.091,33.386,America/New_York
9029,02520 Scoville Circle,Shreveport,LA,71166,-93.7526,32.6076,America/Chicago
9037,835 Merry Junction,Norfolk,VA,23520,-76.2397,36.9312,America/New_York
9045,3294 Ludington Trail,Atlanta,GA,30316,-84.3339,33.7217,America/New_York
9053,5109 Mariners Cove Plaza,Washington,DC,20220,-77.0146,38.8933,America/New_York
9061,357 Sachtjen Park,Tucson,AZ,85748,-110.7758,32.215,America/Phoenix
9069,7 Delladonna Place,Phoenix,AZ,85015,-112.1011,33.5082,America/Phoenix
9077,24 Barby Junction,New York City,NY,10009,-73.9796,40.7262,America/New_York
9085,6 Westport Place,Columbia,MO,65211,-92.1022,38.9033,America/Chicago
9093,46934 Hoard Drive,Juneau,AK,99812,-134.4742,58.3271,America/Juneau
